Name,Variety,Flavors,Producer Country
El Salvador - Pirineos (Natural),Pacamara,"Tropical Fruit, Dark Chocolate, Chocolate, Berry, Cherry, Orange, Citrus",El Salvador
El Salvador- Los Pirineos- Elite Bourbon,Elite Bourbon,"Grape, Berry, Cherry, Caramel, Citrus",El Salvador
Colombia - Wilder Lazo (Gesha),Gesha,"Tropical Fruit, Green Apple, Water Melon, Floral, Flower",Colombia
Colombia - Wilder Lazo (Sidra),Sidra,"Floral, Lemon, Herb, Honey, Citrus, Sweet",Colombia
Colombia - El Placer (Pink Bourbon),Pink Bourbon,"Tropical Fruit, Chocolate, Berry, Cocoa Nib, Cherry, Orange, Citrus",Colombia
Release 032 Inmaculada Fellow Farms Papayo Natural,Papayo,"Green Grape, Berry, Cherry, Straw Berry",Colombia
Ethiopia Bona 74110 Natural Espresso,74110,"Tropical Fruit, Straw Berry, Passion Fruit, Berry, Orange, Citrus, Sweet",Ethiopia
Nano Challa Ethiopia Agaro,Ethiopian Heirlooms,"Floral, Berry, Grape Fruit, Citrus, Tea",Ethiopia
Deiro Garcia Finca Lord Voldemort Yeast Inoculated Ombligon Colombia,Ombligon,"Tropical Fruit, Melon",Colombia
Colombia Diomed Montano Tovar,"Castillo, Colombia","Nut, Black Berry, Tropical Fruit, Passion Fruit, Almond, Berry, Jam, Sweet",Colombia
Guatemala Jose Gomez Anaerobic Honey,Catastic,"Berry, Cedar, Citrus, Earthy",Guatemala
Guatemala David Solano La Joya Anaerobic Washed,Red Bourbon,Sweet,Rwanda
Gravfarm,"Lini-S, Andungsari","Tropical Fruit, Water Melon, Papaya, Spice, Cardamom",Indonesia
North Star Soe,74112,"Sweet, Lemon, Honey, Citrus, Tea",Ethiopia
Burundi Ninga Butaganzwa,Bourbon,"Citrus, Floral, Straw Berry, Lemon, Berry, Jam, Rasp Berry, Sweet",Rwanda
Jose Cuellar Pink Bourbon Bourbon Aji,Pink Bourbon & Bourbon Aji,"Tropical Fruit, Peach, Lychee, Vegetal, Lemon, Herb, Citrus, Stone Fruit",Colombia
Mierisch Los Placeres Ethiosar Anaerobic,Ethiosar,"Currant, Berry, Chocolate, Cocoa, Cherry",Nicaragua
Cadefihuila Cooperative Medium Decaf,"Catillo, Colombia, Caturra, Senicafe","Nut, Dark Chocolate, Almond, Chocolate, Caramel, Sweet",Colombia
Shoondhisa Anaerobic Natural,"Gibirinna 74110, Serto 74112","Fermented, Straw Berry, Blue Berry, Berry, Sweet",Ethiopia
Last Call Black Door Nicaragua,"Mundo Novo, Bourbon, Caturra, Typica","Pomegranate, Currant, Berry, Candy, Sweet",Nicaragua
Colombia Spring Co Ferment By Elkin Guzman,Catiope,"Tropical Fruit, Straw Berry, Berry, Cherry, Citrus, Blood Orange",Colombia
La Cumbre,Caturra,"Sweet, Plum, Acid, Tea, Stone Fruit",Colombia
Limited Hurlie Blend,"Pacamara, Java, Geisha","Tropical Fruit, Orange, Marmalade, Grape, Honey, Caramel, Citrus, Sweet",El Salvador
123 Wash Processed Coffee Beans From Thailand,"Catuai, Typica","Nut, Dark Chocolate, Almond, Chocolate, Apple",Thailand
Espresso C Colombia Miller Bustos,Tabi,"Fermented, Clove, Milk Chocolate, Cream, Citrus, Spice",Colombia
Mohammed Aba Nura Natural Jimma Ethiopia,Jarc 74110,,Ethiopia
Colombia La Rosa Anaerobic Castillo,Castillo,"Green Grape, Currant, Berry, Maple Syrup, Sweet",Colombia
Panama Don Benjie Geisha CM Natural Lot7,Geisha,"Currant, Floral, Jasmine, Blue Berry, Berry, Tea",Panama
Honduras Mogola Java Natural,Java,,Colombia
Kenya KARIAINI - Light,"Sl34, Sl28, Batian, Ruiru11","Tropical Fruit, Peach, Lemon, Orange, Citrus, Sweet, Stone Fruit",Kenya
Best of Panama Elida Geisha Natural Vuelta GN-01,Geisha Asd Drd B3D,Sweet,Panama
Ethiopia Guji G1 Rasta,Heirloom,"Acid, Sweet",Ethiopia
Kenya Mitondo AA,"Ruiru11, Sl28, Sl34, Batian",,Kenya
Colombia El OSO - Medium Dark,"Mix Castillo, Colombia, Caturra","Berry, Brown Sugar, Acid, Caramel, Sweet",Colombia
Aquiares Estate Esperanza Anaerobic Washed Costa Rica,Esperanza,"Plum, Apple, Stone Fruit",Costa Rica
Finca El Carmen Yellow Bourbon Anaerobic Natural El Salvador,Yellow Bourbon,"Tangerine, Tropical Fruit, Nectarine, Passion Fruit, Jam, Citrus, Sweet, Stone Fruit",Brazil
Kangocho Aa Sl28 Sl34 Ruiru11 Batian Washed Kenya,"Sl28, Sl34, Ruiru11, Batian","Berry, Rasp Berry, Red Grape, Currant",Kenya
Vanta Coffee House Blend,"Colombia, Caturra, Castillo, Yellow Catuai","Nut, Dark Chocolate, Sweet Cream, Dried Fruit, Pecan, Apricot, Milk Chocolate, Red Apple, Vanilla, Stone Fruit",Colombia And Brazil
2025 Ethiopia Gesha Village,Gesha 1931,"Tropical Fruit, Floral, Straw Berry, Plum, Berry, Jam, Orange, Citrus, Sweet, Stone Fruit",Ethiopia
El Salvador Fes Kenya Juana 120N,Kenya Juana,"Tropical Fruit, Mousse, Dried Fruit, Fermented, Rum, Chocolate, Cream, Apple, Raisin, Spice",El Salvador
Kena Kii Esp,"Sl34, Sl28","Goose Berry, Berry, Tea, Currant",Kenya
RAFAEL LORA/ Pacas - Fully Washed / HONDURAS,Pacas,"Floral, Sweet, Berry, Apricot, Apple, Tea, Stone Fruit",Honduras
Bolivia Alberto poma 200g[ボリビア アルベルトポマ],Catuai,"Cherry, Nut, Berry, Almond",Costa Rica
Ethiopia Mundayo,,"Tropical Fruit, Persimmon, Passion Fruit, Spice, Citrus, Apple, Sweet, Earthy, Blood Orange",Ethiopia
48h Anoxic Washed SL28 by Linarco Rodriguez - Colombia,Sl28,"Tropical Fruit, Peach, Floral, Caramel, Orange, Citrus, Sweet, Stone Fruit",Costa Rica
Kenya Kiandu Aa Washed,"Sl14, Sl28","Oat, Currant, Fermented, Grape, Berry, Bran, Acid, Vanilla, Sweet",Kenya
Costa Rica La Lia Yellow Honey Ethiopia 47 250G,Ethiopia 47,"Cran Berry, Fig, Berry, Cinnamon, Spice",Costa Rica
El Povenir Kolumbien Filter,"Castillo, Caturra","Citrus, Floral, Berry, Grape Fruit, Rasp Berry, Sweet",Colombia
Guatemala Camelias,"Caturra, Bourbon","Cherry, Berry, Sweet, Vanilla",Guatemala
Brazil Boa Vista,"Red And Yellow Catuaí, Catucai, Ipr 98","Tropical Fruit, Water Melon, Guava, Berry, Rasp Berry",Brazil
Nicaragua El Limoncillo Javanica Cold Anaerobic Natural,Javanica,"Tropical Fruit, Currant, Passion Fruit, Berry, Mango, Stone Fruit",Nicaragua
A Hike Well Past Where The Road Ends Peru,"Typica, Bourbon","Nut, Sweet Cream, Marzipan, Milk Chocolate, Apple",Mexico
Hatessa,Jarc 74158,"Tropical Fruit, Floral, Sweet Cream, Fermented, Passion Fruit, Coconut",Ethiopia
Colombia Luisa Fernanda Nieto Washed Aji,Bourbon Aji,"Nectarine, Floral, Jasmine, Tea, Stone Fruit",Colombia
Panama Janson Family Geisha Honey Los Alpes Lot 503,Green Tip Geisha,"Nectarine, Floral, Flower, Apricot, Chamomile, Stone Fruit",Panama
La Huella,H1,"Nut, Tropical Fruit, Green Apple, Melon, Caramel, Sweet",Costa Rica
Terraform Png Baroida Washed,"Bourbon, Typica, Mundo Novo, Arusha","Tropical Fruit, Peach, Sweet, Berry, Candy, Orange, Citrus, Tea, Stone Fruit",Papua New Guinea
Kenya Gatomboya AA Washed SL28/34,"Sl28, Sl34","Lemon, Berry, Floral",Kenya
Mustafa,"Castillo, Catimor","Chocolate, Berry, Cocoa, Brown Sugar, Caramel, Rasp Berry, Sweet",Colombia
Mexique - Finca Pocitos,Mundo Maya,"Cream, Dried Fruit, Fermented, Date, Rum, Berry, Milk Chocolate, Cherry, Spice",Mexico
Espresso - Honduras - Don Pancho,Parainema,"Floral, Sweet Cream, Lemon, Milk Chocolate, Brown Sugar, Caramel, Citrus",Honduras
"UN028 - Charles Denison, Racemosa Washed",Racemosa,"Apple, Tea, Dried Fruit, Vegetal, Herb, Tomato, Mint, Anise, Umami",South Africa
"UN027 - Inmaculada Striking Terroir, Eugenioides Anaerobic",Eugenioides,"Tropical Fruit, Sugar, Guava, Orange, Citrus, Sweet",Colombia
"Release 030 - Cordillera de Fuego, Catuai/Caturra Anaerobic","Catuai, Caturra","Sweet Cream, Milk Chocolate, Cinnamon, Brown Sugar, Caramel, Spice",Costa Rica
Long Hay,"Arabica S - 765, Catimor, Caturra, Catuai, Bourbon","Currant, Sweet Cream, Grape, Chocolate, Berry, Cherry, Tea",Myanmar
Mae Chedi,Chiang Mai Local Catimor – Sl28 Cross,"Tropical Fruit, Sweet Cream, Vegetal, Lemon, Berry, Marsh Mallow, Herb, Citrus, Apple",Thailand
Chiroso,Chiroso,"Peach, Floral, Sweet Cream, Jasmine, Berry, Milk Chocolate, Caramel, Tea, Stone Fruit",Colombia
Argote Anaerobic,"90% Castillo, 10% Caturra","Nut, Floral, Sweet Cream, Berry, Nutmeg, Rasp Berry, Tea",Colombia
Mong Nwet,"Arabica S765, Catimor, Caturra, Catuai, Bourbon","Wine, Floral, Blue Berry, Chocolate, Banana, Tropical Fruit, Sweet Cream, Straw Berry, Berry, Spice, Caramel, Orange, Tamarind, Tea, Fermented, Toffee, Citrus",Myanmar
Laboyano,"Caturra, Castillo, Tabi, Pink Bourbon","Currant, Floral, Sweet Cream, Berry, Tea",Colombia
Bekele Belaycho Ethiopia 2024,Mix Variety,"Tropical Fruit, Aranciata Rossa, Nectarine, Granita, Stone Fruit",Ethiopia
Fredy Perez Honduras 2024,"Catuai, Lempira, Bourbon","Tropical Fruit, Sugar, Spice, Orange, Citrus, Sweet",Honduras
Gatina Kenya,"Sl-28, Sl-34, Ruiru 11, Batian","Rose, Floral, Plum, Berry, Red Grape, Rasp Berry",Kenya
Matambo Colombia 2025,"Caturra, Colombia","Caramel, Sweet, Jam",Colombia
Maria Reyes Honduras 2025,"70% Pacas, 30% Red Catuai","Tropical Fruit, Floral, Apricot, Orange, Citrus, Mango, Stone Fruit",Honduras
Ethiopia KURUME Natural -Special Preparation 200g,Kurume,"Rose, Wine, Sugar, Nectarine, Floral, Sweet Cream, Fermented, Pear, Blue Berry, Berry, Spice, Stone Fruit",Ethiopia
Brazil Daterra Low Caffeine Reserve 2024,"Aramosa, Laurina","Sweet Cream, Apricot, Milk Chocolate, Stone Fruit",Brazil
Yemen Yahya Al Maznai Mazanaa Village,"Odaini, Ja'Adi","Tropical Fruit, Dried Fruit, Grape, Berry, Raisin, Cherry, Mango, Stone Fruit",Yemen
Kiriga Ab Kenia Filterkaffee,"Ruiru11, Batian","Pomegranate, Lime, Peach, Currant, Floral, Rhubarb, Vegetal, Berry, Acid, Citrus, Stone Fruit",Kenya
200g Kainamui PB Washed Kenya,"Sl28, Ruiru 11, Batian","Nut, Tropical Fruit, Currant, Berry, Caramel, Citrus, Sweet",Kenya
200g Jekirai Natural Selection Ethiopian,"74110, 74112","Peach, Floral, Berry, Grape, Blue Berry, Stone Fruit",Ethiopia
200g seasonal blend,"Kurume, Dega, Ethiopian Heirlooms","Lemon, Berry, Chocolate, Candy, Citrus, Sweet",Ethiopia
Ethiopian Yirgacheffe G1 Conga Amederaro Super Natural (150g),"74110, 74112, 74165","Tropical Fruit, Straw Berry, Chocolate, Berry, Cocoa Nib, Mango, Stone Fruit",Ethiopia
Peruvian El Cedro Marcel Washed (150g),Marshell,"Tropical Fruit, Plum, Vanilla, Orange, Citrus, Apple, Sweet, Stone Fruit",Peru
Yemen Matari Sayeh Anaerobic Natural (150g),Udaini,"Fermented, Rum, Grape, Berry, Cherry, Candy, Sweet, Spice",Yemen
"Ecuador La Bendicion, Typica Mejorado - Washed",Typica Mejorado,"Tropical Fruit, Jam, Grape Fruit, Citrus, Apple, Sweet",Ecuador
"Yemen Arabian Mokha, Typica, Odaini - Natural","Typica, Odaini","Nut, Tropical Fruit, Lychee, Berry, Yogurt, Cream, Nutmeg, Rasp Berry",Yemen
"Ethiopia Tamiru Tadesse ALO, 74158 - 72h Mossto Anaerobic",74158,"Rose, Tropical Fruit, Floral, Fermented, Straw Berry, Berry, Spice, Sweet",Ethiopia
250 China Yunnan Lincang Wine Yeast Fermentation Natural,Catimor,"Dark Chocolate, Fig, Cream, Dried Fruit, Fermented, Berry, Chocolate, Cherry, Bran, Caramel, Spice",China
236 Nicaragua El Madrono Washed,"Caturra, Catuai","Nut, Hazel Nut, Sweet Cream, Cherry, Berry, Milk Chocolate, Red Apple, Brown Sugar, Caramel",Costa Rica
Romantic Roast,"Bourbon, Caturra","Nut, Almond, Toast, Chocolate, Caramel",Guatemala
Bekele Yutute Natural,Kurume 74158,"Tropical Fruit, Straw Berry, Chocolate, Berry, Banana, Cocoa",Ethiopia
Kontoma,"Jarc 74158, 74110, 74112","Peach, Floral, Jasmine, Vegetal, Lemon, Herb, Citrus, Tea, Sweet, Stone Fruit",Ethiopia
Alamayehu Gosaye Natural,"Dega, Wolisho","Berry, Chocolate, Sweet Cream",Ethiopia
Ratibor Hartmann - Maragogype Washed - Légendes,Maragogype,"Nut, Red Apple, Caramel, Citrus, Sweet",Panama
Jose Roberto Monterroso - El Morito - Red Geisha Washed - Légendes,Red Geisha,"Fermented, Berry, Brown Sugar, Cherry, Caramel, Rasp Berry, Sweet",Guatemala
Coffee Volcancito,Blend,"Nut, Pomegranate, Sweet Cream, Chocolate, Candy, Citrus",Costa Rica
Guatemala - Orlando Lemus,Yellow Catuaí,"Acid, Bran, Chocolate, Dark Chocolate",Brazil
Ecuador - Chito Mejorado (Extra Light),Mejorado,"Tropical Fruit, Straw Berry, Sweet, Berry, Red Grape, Citrus, Mango, Stone Fruit",Ecuador
Ecuador - Soledad Sydra Wave Natural (Extra Light),Sydra,"Tropical Fruit, Cran Berry, Berry, Herb, Candy, Orange, Citrus, Tea, Sweet, Mint",Ecuador
Colombia Monteblanco Coconut Lemonade Natural Medium Roast,Purple Caturra,"Tropical Fruit, Coconut, Herb, Cream, Citrus, Butter Milk",Colombia
Brazil Guariroba Yellow Catuai Anaerobic Black Honey Light Roast,Yellow Catuai,"Tropical Fruit, Floral, Caramel, Chamomile, Brown Sugar, Orange, Citrus, Sweet, Ale",Brazil
Ecuador El Dorado Yellow Geisha Extra Fermented Washed Light Roast,Yellow Geisha,"Sweet Cream, Orange, Citrus",Colombia
El Salvador San Gabriel,"Bourbon, Pacas","Berry, Caramel, Sweet, Vanilla",Honduras
Thageini Natural Nyeri Kenya,"Sl28, Sl34, Ruiru 11","Plum, Jam, Candy, Sweet, Stone Fruit",Kenya
Png Lamari River Valley By Smallholder Producers,"Arusha, Blue Mountain, Typica, Bourbon","Nut, Marzipan, Apricot, Sweet, Stone Fruit",Papua New Guinea
Kenya Kavutiri By Murue Fcs,"Sl28, Sl34, Baitan, Ruiru 11","Lime, Berry, Cherry, Citrus, Sweet, Spice",Kenya
Ethiopia Habtamu Fikadu Aga Jejejba,"Kurume, Dega, Wolisho","Tropical Fruit, Floral, Apricot, Chamomile, Stone Fruit",Ethiopia
Organic Worka Chelbessa Yirgacheffe,Ethiopian Heirloom,"Peach, Floral, Elder Flower, Berry, Stone Fruit",Ethiopia
La Esperanza Mandela Natural,Mandela,"Tropical Fruit, Guava, Fermented, Berry, Red Grape, Red Apple",Colombia
Sipro,"Typica, Mundo Novo, Bourbon","Tropical Fruit, Dark Chocolate, Grape, Chocolate, Mango, Stone Fruit",Mexico
Pegasing,"Tim Tim, Gayo 1","Fermented, Tea, Red Apple",Indonesia
Beshasha,"Tsl34, Sl28","Acid, Citrus, Sweet Cream",Kenya
Inza,"Tabi, Pink Bourbon, Caturra, Colombia","Tropical Fruit, Fig, Floral, Sweet Cream, Dried Fruit, Fermented, Flower, Berry, Orange, Citrus, Anise, Spice",Colombia
Gaitania,Mixed,"Tropical Fruit, Sweet Cream, Citrus, Blood Orange",Colombia
Javier Solis Costa Rica,Catuaí,"Pear, Fermented, Tea, Floral",Costa Rica
Bookkisa Washed Ethiopia,"Gibirinna, Serto","Tropical Fruit, Cocoa Powder, Chocolate, Berry, Melon, Cherry",Ethiopia
Strawberry & Liqourice,"Castillo Tambo, Papayo","Nut, Currant, Sweet Cream, Berry, Chocolate, Cocoa, Caramel, Nutmeg",Colombia
Christmas coffee!,"Caturra, Variedad","Nut, Praline, Berry, Vanilla, Caramel, Sweet",Colombia
Caramel & Stonefruit,"Caturra, Catuai, Pache, Bourbon","Floral, Sweet Cream, Acid, Caramel, Tea",Peru
Apple blossom & Plum,San Bernado,"Floral, Tea, Dried Fruit, Straw Berry, Sweet, Plum, Chocolate, Berry, Caramel, Apple, Raisin, Stone Fruit",Colombia
Costa Rica Finca Tacacal,Sarchimor T5296,"Wine, Fermented, Plum, Chocolate, Cocoa Nib, Stone Fruit",Costa Rica
Red Catuai Washed La Alita Finca Mierisch Honduras,Red Catuai,"Plum, Chocolate, Spice, Caramel, Citrus, Stone Fruit",Brazil
Espresso Mixed Varities Washed Excelso Ep Palermo Colombia,Mixed Varieties,"Nut, Tropical Fruit, Peach, Guava, Almond, Berry, Cherry, Molasses, Citrus, Apple, Sweet, Stone Fruit",Colombia
Sl28 Sl34 Cm Natural Amber Maguta Estate Kenya,Sl28 & Sl34,"Sorbet, Rose, Tropical Fruit, Floral, Sweet Cream, Straw Berry, Marmalade, Lemon, Berry, Red Grape, Caramel, Citrus, Blood Orange",Kenya
Wush Wush Washed La Cinta Colombia,Wush Wush,"Black Berry, Tropical Fruit, Green Apple, Currant, Floral, Berry, Apricot, Papaya, Stone Fruit",Colombia
Kenya Kiamutuira,"Sl28, Sl34, Batian","Currant, Rhubarb, Vegetal, Lemon, Grape, Berry, Tomato, Acid, Citrus",Kenya
El Rincon,"Caturra, Colombia, Chiroso","Tropical Fruit, Wine, Fermented, Grape, Berry, Cherry, Citrus, Sweet, Blood Orange",Colombia
Guatemala - Casco,"Red Bourbon, Caturra","Grape, Blue Berry, Berry",Guatemala
Ethiopia - Daye Bensa,Jarc 74112,"Tropical Fruit, Lemon, Bergamot, Citrus, Blood Orange",Ethiopia
Nano Challa,Mixed Heirloom,"Nectarine, Floral, Jasmine, Sweet, Vanilla, Tea, Stone Fruit",Ethiopia
Doi Saket,Typica,"White Chocolate, Rhubarb, Vegetal, Berry, Chocolate, Cherry, Acid, Stone Fruit",Ecuador
Andres Ramirez,Caturra & Catuai,"Nut, Hazel Nut, Sweet Cream, Milk Chocolate, Caramel",Costa Rica
Gatugi,"Sl28, Sl34, Batian, Ruiru 11","Lime, Sweet Cream, Fermented, Berry, Jam, Citrus, Vanilla, Spice",Kenya
Gitesi By Gahizi,"Red Bourbon, Rab C15","Spice, Honey, Sweet, Floral",Rwanda
Maidy Bocanegra,"Castillo, Papayo","Nut, Tropical Fruit, Guava, Floral, Nougat, Sweet Cream, Brown Sugar, Honey, Caramel, Apple",Colombia
Bwenda,"Rab C15, Jackson, Mibirizi, Bourbon Mayaguez 139","Nut, Tropical Fruit, Dried Fruit, Tamarind, Date, Citrus",Rwanda
Organic Decaf Per Norandino,"Caturra, Bourbon, Typica, Catimor","Nut, Nougat, Sweet Cream, Dried Fruit, Berry, Cherry, Caramel",Peru
Colombia Agua Blanca,"Caturra, Variety Colombia, Castilo, Typica, Bourbon","Berry, Brown Sugar, Caramel, Rasp Berry, Apple, Sweet",Colombia
Ethiopia Keramo,Ethiopia Landraces,"Mul Berry, Sugar, Floral, Sweet Cream, Dried Fruit, Fermented, Berry, Tea, Raisin",Ethiopia
Ethiopia Kokose Murago Natural,Jarc Selection 74158,"Tropical Fruit, Floral, Grape, Spice, Anise, Tea",Ethiopia
Organic Peru Inispata,"Caturra, Typica, Bourbon, Local Hybrid","Nut, Tropical Fruit, Acid, Fermented, Marzipan, Honey, Citrus, Apple, Sweet",Peru
Colombia Finca Toldopamba Natural,"Caturra, Variety Colombia, Castillo","Tropical Fruit, Fermented, Straw Berry, Chocolate, Berry, Bran, Cherry, Acid, Citrus, Sweet, Blood Orange",Colombia
Organic Winter Solstice,"Bourbon, Caturra, Typica, Anacafe, Castillo, Variedad Colombia","Dark Chocolate, Berry, Chocolate, Cocoa, Cherry, Citrus, Spice",Colombia
Ethiopia Gogugu,"Wolisho, Dega","Floral, Bergamot, Herb, Citrus, Tea",Ethiopia
Mexico - SIPRO,"Mundo Novo, Caturra","Nut, Wal Nut, Sweet Cream, Dried Fruit, Fermented, Marmalade, Plum, Toast, Milk Chocolate, Raisin, Spice, Caramel, Stone Fruit",Brazil
Ethiopia Telila Washed Decaf,Jarc Cultivars & Ethiopian Heirlooms,"Nut, Tropical Fruit, Sweet Cream, Milk Chocolate, Spice, Malt, Orange, Citrus, Caramel, Butter Milk",Ethiopia
Costa Rica Gaia Artisan Milenio,Milenio H10,"Nut, Pistachio, Tropical Fruit, Currant, Floral, Tea, Sweet Cream, Fermented, Bergamot, Berry, Orange, Citrus, Apple",Costa Rica
Brazil - Das Almas by Adriano Muñiz,Icatu,"Nut, Tropical Fruit, Macadamia, Sweet Cream, Almond, Lemon, Chocolate, Passion Fruit, Vegetal, Butter, Herb, Caramel, Citrus, Apple, Butter Milk",Brazil
Bolivia Cafe Oro,"Typica, Catuai","Dark Chocolate, Chocolate, Red Apple, Sweet, Stone Fruit",Bolivia
Kenya Thuti,"Sl28, Sl34, Ruiru, Batian","Lime, Floral, Lemon, Berry, Citrus",Kenya
Finca Betel Gyrola,Rume Sudan,"Nut, Peach, Floral, Nougat, Basil, Sweet Cream, Vegetal, Herb, Vanilla, Spice, Stone Fruit",Colombia
Ethiopia Chelbessa,"Jarc Selections, Ethiopian Landraces","Nectarine, Floral, Sweet Cream, Persimmon, Lemon, Honey, Citrus, Stone Fruit",Ethiopia
Decaf Nicaragua Elixir,"Bourbon, Catuai, Others","Pomegranate, Tropical Fruit, Toffee, Berry, Cherry, Caramel, Apple",Nicaragua
Costa Rica Don Joel Villa Sarchi,Villa Sarchi,"Nut, Sweet Cream, Almond, Butter, Maple Syrup, Vanilla, Citrus, Spice",Costa Rica
Musana Bulambuli,"Sl-28, Sl-14","Dark Chocolate, Blue Berry, Berry, Chocolate, Jam, Cherry, Sweet",Uganda
Estrella Divina,"Caturra, Catuai, Pache","Nut, Almond, Milk Chocolate, Red Apple, Cream",Peru
Snowmelt Blend,"Native Ethiopian Landrace, Colombia, Castillo","Spice, Chocolate, Graham",Ethiopia
Colombia Yacuanquer,"Colombia, Castillo","Tropical Fruit, Fermented, Berry, Jam, Cherry, Sweet, Spice",Colombia
Kenya Kainamui Ab,"Ruiru 11, Sl 28, Baitan","Tropical Fruit, Currant, Citrus, Berry, Rasp Berry, Mango, Stone Fruit",Kenya
Kenya Gatomboya Aa Sl28 Sl34 Ruiru 11 Washed,"Sl28, Sl34, Ruiru 11, Batian","Floral, Herb",Kenya
La Danta,"Caturra, Bourbon, Typica","Nut, Nougat, Sweet Cream, Plum, Berry, Cherry, Stone Fruit",Peru
Chinchiquilla,"Typica, Bourbon, Catimor, Caturra","Spice, Peach, Sweet, Stone Fruit",Peru
Tatmara Washed,74110 & 74112,"Floral, Jasmine, Bergamot, Citrus, Tea, Stone Fruit",Ethiopia
La Esperanza Old,Various,"Nut, Hazel Nut, Dried Fruit, Sweet Cream, Milk Chocolate, Raisin",Colombia
Hulikere,Arabica Selection 795,"Tropical Fruit, Honey, Citrus, Apple, Sweet",India
Ecuador Finca Arashi Natural Hybrid F1,Hybrid F1,"Floral, Jasmine, White Grape, Apricot, Tea, Stone Fruit",Ecuador
India Hemavathi Thermal Shock Natural,Hemavathi,"Cran Berry, Dried Fruit, Cocoa Powder, Clove, Berry, Chocolate, Spice, Malt",India
Colombia Striped Bourbon Dark Room Natural,Striped Bourbon,"Tropical Fruit, Grape, Berry, Orange, Citrus, Tea",Colombia
Colombia Natural Sudan Rume,Sudan Rume,"Rose, Tropical Fruit, Black Berry, Floral, Berry, Red Grape",Colombia
Colombia Natural Laurina,Laurina,"Cran Berry, Fig, Floral, Berry, Honey, Sweet",Brazil
Colombia Yellow Honey Carbonic Maceration Pimienta,Bourbon Pimienta,"Tropical Fruit, Passion Fruit, Berry, Coconut, Spice",Colombia
Kenya Kurokuro Aa Top By Komothai Fcs,"Sl 28, Sl34, R11","Tropical Fruit, Black Berry, Cran Berry, Floral, Dried Fruit, Berry, Orange, Citrus, Tea",Kenya
Ethiopia Gesha Village Gori Gesha Lot 24 Single Terroir Series,Gori Gesha,"Tropical Fruit, Acid, Sweet Cream, Fermented, Straw Berry, Berry, Mango, Bran, Orange, Citrus, Apple, Stone Fruit",Ethiopia
Java Frinsa Weninggalih Yasmin Salsabila Coe Farm 17 2023,Multivariety,"Sweet Cream, Fermented, Chocolate, Maple Syrup, Acid",Java
Sumatra Bener Meriah CSC Abyssinia and Typica,"Abyssinia, Typica","Tropical Fruit, Lavender, Floral, Spice, Citrus, Blood Orange",Indonesia
Ethiopia Sidama Ayla Bombe,"74110, 74158","Tropical Fruit, Floral, Jasmine, Fermented, Tea, Mango, Stone Fruit",Ethiopia
Ethiopia Yirgacheffe Aricha Adorsi,Kerume,"Tropical Fruit, Berry, Tea, Mango, Stone Fruit",Ethiopia
El Salvador Finca Colomba Oro Tinto Robusta Especial Honey - Oops Too Light,Robusta,"Tropical Fruit, Cocoa Powder, Chocolate, Acid, Orange, Citrus, Sweet",El Salvador
Ethiopia Yirgacheffe Idido Yismashewa Anaerobic Natural,Indigenous Heirloom,"Floral, Sweet Cream, Fermented, Blue Berry, Berry, Cheese",Ethiopia
Kenya Nyeri Hill Estate AA,"Sl28, Sl34, Riuru 11","Nut, Tropical Fruit, Melon, Cinnamon, Spice, Honey, Nutmeg",Kenya
Honduras COMSA Marcala Espresso Roast,"Icatu, Parainema, Lempira, Ihcafe90","Chocolate, Dark Chocolate, Cocoa",Honduras
Peru El Palto Natural,"Bourbon, Catimor, Caturra, Pache, Typica",,Peru
Colombia Huila Regional Decaf,Colombia - Huila Regional Decaf,"Nut, Tropical Fruit, Orange, Pecan, Caramel, Citrus, Apple",Colombia
Colombia Las Cascadas Regional Lot Washed,"Castillo, Caturra, Colombia","Nut, Tropical Fruit, Toffee, Almond, Milk Chocolate, Cream, Orange, Citrus, Caramel",Colombia
Ethiopia Dinkalem Ademe Wush Wush Honey,"74110, 74165, 74212, 75210","Black Berry, Floral, Dried Fruit, Sweet, Chocolate, Berry, Honey, Raisin",Ethiopia
Rosarios Altos Peru,"Bourbon, Caturra, Typica","Brown Sugar, Pomegranate, Caramel, Sweet",Peru
Ace Hacienda Carmona Guatemala,"Typica, Bourbón","Dark Chocolate, Chocolate, Cinnamon, Spice, Citrus",Guatemala
Gabriel Mas Tafur Peru,"Typica, Bourbón, Caturra, Catimor","Tropical Fruit, Floral, Plum, Stone Fruit, Citrus, Blood Orange",Peru
Agaseke Rwanda,Bourbón,"Sweet Cream, Milk Chocolate, Honey, Apple",Rwanda
Round Trip,"Caturra, Colombia, Castillo, Pacas","Tropical Fruit, Dark Chocolate, Citrus, Chocolate, Berry, Orange, Rasp Berry",Colombia
Monkaaba Decaf,"Pink Bourbon, Castillo, Caturra, Colombia, San Bernardo","Nut, Hazel Nut, Apricot, Citrus, Stone Fruit",Colombia
Josefina Pascual,"Bourbon, Typica, Gesha, Mundo Novo And Mersellesa","Nut, Tropical Fruit, Almond, Berry, Honey, Rasp Berry, Apple, Sweet",Mexico
Kii Dark,Sl28 And Sl34,"Citrus, Chocolate, Berry, Cocoa, Jam, Grape Fruit, Caramel, Rasp Berry, Sweet",Kenya
Peru Cusco,"Typica, Caturra, Bourbon, Catimor","Nut, Green Apple, Pecan, Brown Sugar, Caramel, Sweet",Peru
Colombia Black Condor,"Caturra, Castillo","Nut, Pomegranate, Sweet Cream, Berry, Milk Chocolate, Cherry, Caramel",Colombia
Bayunka,"Tupi, Caturra, Obata, Catimor","Nut, Chocolate, Cocoa Nib, Wal Nut, Apple",Mexico
Tekangu Ngurunguru AA,"Sl34, Sl28, Ruiru 11, Batian","Grape Fruit, Berry, Citrus, Currant",Kenya
La Senda Marsellesa With Mosto,Marsellesa,"Chocolate, Tropical Fruit",Mexico
Kenya Kaganda Aa 250 G,"Sl-28, Sl-34, Ruiru 11 And Batian","Peach, Rhubarb, Vegetal, Acid, Tea, Stone Fruit",Kenya
Kenya Gathaithi Ab Lot 046 250G,"Sl-34, Ruiru 11, Batian, Sl-28","Lime, Rhubarb, Vegetal, Tomato, Acid, Citrus, Sweet",Kenya
La Soledad Washed Orange Bourbon,Orange Bourbon,"Tropical Fruit, Orange, Citrus, Floral",Colombia
"Colombia Mujeres Berruecos Decaf, Washed Field Blend",Field Blend,"Nut, Fermented, Praline, Beer, Berry, Herb, Cherry, Caramel, Sweet, Earthy",Colombia
"Mexico San Pedro Ocopetatillo, Washed Field Blend","Typica, Bourbon, Mundo Novo","Pear, Sugar, Sweet",Mexico
"Guatemala Tadeo Lopez, Washed Caturra",Red & Yellow Caturra,"Nut, Tropical Fruit, Hazel Nut, Tamarind, Red Apple, Citrus, Sweet",Colombia
Candy Cloud Espresso,Arabica,"Floral, Sweet Cream, Straw Berry, Berry, Butter, Jam, Caramel",Ethiopia
Lucky Peach Espresso,Jackson Red Bourbon,"Floral, Sweet, Vanilla, Citrus, Tea, Stone Fruit",Burundi
Sweet Habit Espresso,Bourbon Caturra,"Dried Fruit, Toffee, Milk Chocolate, Cream, Caramel, Raisin",Guatemala
Lights Out Decaf,"Caturra, Castillo, Colombia","Nut, Wal Nut, Dried Fruit, Brown Sugar, Caramel, Sweet",Colombia
Sugar Heist,"Pacas, Bourbon, Catuaí","Nut, Nougat, Sweet Cream, Dried Fruit, Brown Sugar, Caramel",Honduras
Mexico San Alfonso,H16,"Tangerine, Tropical Fruit, Sweet Cream, Toast, Marsh Mallow, Citrus",Mexico
China Lao Xu Zhai Village,Catimore,"Licorice, Plum, Chocolate, Berry, Herb, Cherry, Sweet, Spice, Stone Fruit",China
Kenya Ndaro Ini,"Batian, Ruiru 11, Sl28, Sl34","Green Apple, Brown Sugar, Spice, Caramel, Sweet",Kenya
Kenya Kamoini,Sl 28,"Pie, Nut, Black Berry, Sugar, Sweet Cream, Straw Berry, Pecan, Cookie, Berry, White Grape, Bread, Jam, Rasp Berry",Kenya
Finca La Amistad Nicaragua Specialty Coffee,Catuaí & Caturra,"Peach, Sweet Cream, Brown Sugar, Caramel, Spice, Stone Fruit",Nicaragua
Jesus Rodriguez Guatemala,Pache,"Nut, Hazel Nut, Pear, Honey, Sweet",Guatemala
Angel Capa Carrion Eucador,"Typica, Caturra, Catucai","Tropical Fruit, Sugar, Sweet Cream, Banana, Marsh Mallow, Citrus",Ecuador
Abel Salinas Ecuador F1 Hybrid,F1 Hybrid,"Floral, Citrus, Lemon, Berry, Cherry, Rasp Berry, Sweet",Ecuador
Peanut Brittle Brazil Espresso,Red & Yellow Catuai,"Nut, Pea Nut, Dark Chocolate, Chocolate, Caramel, Sweet",Brazil
Ayele Tulu Ethiopia,Landrace,"Floral, Plum, Berry, Apricot, Citrus, Tea, Stone Fruit",Ethiopia
Rotutu,"Typica, Timor Hybrid","Tropical Fruit, Peach, Lychee, Cream, Stone Fruit",East Timor
Union San Pedro Sagrada,"Pluma Hidalgo, Mundo Novo","Nut, Hazel Nut, Chocolate, Pear",Mexico
Rene Arellanos Ore GARANCALQUI TYPICA AMERICANA - WASHED Peru,Typica Americana,"Plum, Salted, Apricot, Jam, Sweet, Stone Fruit",Peru
Delta Spirit Espresso Blend,"Bourbon, Caturra, Landrace","Pomegranate, Dark Chocolate, Wine, Sweet Cream, Fermented, Berry, Milk Chocolate, Vanilla",Colombia
Peru Isaias Ruiz Vasquez,"Caturra, Typica","Tropical Fruit, Sugar, Yellow Pear, Melon, Honey, Sweet",Colombia
Honduras Nahun Fernandez San Ramon Natural Espresso 250G,San Ramon,"Berry, Sweet, Currant, Floral",Honduras
El Salvador El Angel Sl 28 Double Anaerobic Honey Espresso 250G,Sl-28,"Tropical Fruit, Currant, Floral, Berry, Apple",El Salvador
El Salvador El Retiro Bourbon Pacas Honey,Bourbon & Pacas,"Sweet Cream, Milk Chocolate, Brown Sugar, Caramel",El Salvador
Colombia Ea Decaf De Cana Castillo Caturra Washed,Castillo & Caturra,"Tropical Fruit, Milk Chocolate, Cream, Malt, Orange, Citrus, Stone Fruit",Colombia
La Bohemia Borbon Island Colombia Washed,Borbon Sutil,"Tropical Fruit, Cran Berry, Berry, Grape Fruit, Citrus, Apple",Colombia
Ethiopia Huro Heirloom Anaerobic Natural Espresso,Varietal,"Tropical Fruit, Citrus, Floral, Berry, Orange, Rasp Berry",Ethiopia
Malaysia My Liberica Jh Pearl Jh Natural Espresso,Liberica,Tropical Fruit,Malaysia
Ethiopia Mewa Pyramid Slow Dry Espresso,"74110, 74112, 74158","Tropical Fruit, Passion Fruit, Orange, Citrus, Sweet",Ethiopia
Malaysia My Liberica Jh Pearl Jh Natural Filter,Peaberry,Tropical Fruit,Ethiopia
Honduras San Isidro,"Batian, Catuai, Geisha, Java, Sl 28","Tropical Fruit, Peach, Floral, Berry, Citrus, Stone Fruit",Honduras
El Salvador Los Pirineos,Bourbon Elite,"Nut, Tropical Fruit, Hazel Nut, Dried Fruit, Berry, Chocolate",El Salvador
Nicaragua Las Tres Hermanas,Bourbon Tekesic,"Tropical Fruit, Nectarine, Dried Fruit, Plum, Orange, Citrus, Stone Fruit",Nicaragua
Tomas Ganamo,"Jarc 74112, Jarc 74158","Blue Berry, Chocolate, Berry, Cocoa, Cream, Citrus",Ethiopia
Httmulugeta Tsige Washed Ethiopia Yirgacheffe,"74158, Kurume, Dega, Wolisho","Peach, Floral, Jasmine, Lemon, Bergamot, Acid, Citrus, Tea, Stone Fruit",Ethiopia
Decaf Colombia Proyecto Berruecos,Mixed Varietal,"Tropical Fruit, Sweet Cream, Milk Chocolate, Orange, Citrus, Stone Fruit",Colombia
Colombia Proyecto Berruecos,Colombia,"Floral, Toffee, Flower, Honey, Caramel, Citrus, Sweet",Colombia
Costa Rica Cafetalera Origenes Africanos,"Sl28, Sl34, Pl122","Tropical Fruit, Plum, Papaya, Brown Sugar, Caramel, Sweet, Stone Fruit",Costa Rica
Indonesien Asman Asman Arianto,"Abyssinia, Ateng, Tim Tim","Tropical Fruit, Dried Fruit, Papaya, Spice, Caramel, Citrus, Sweet",Indonesia
Etiopien Mundayo,"Jarc, Heirloom","Floral, Berry, Citrus, Tea, Stone Fruit",Ethiopia
Myanmar Moe Htet,"Catimor, Colombia, Sl34","Peach, Floral, Honey, Apple, Sweet, Stone Fruit",Myanmar
India Araku,Sln9,"Tropical Fruit, Fermented, Blue Berry, Berry, Melon, Orange, Citrus, Sweet",India
El Salvador Mano Del Puma,"Castillo, Limonares Heirloom Hybrid 2, Pacas, Heirloom Hybrid 1, Parainema","Sweet Cream, Flower, Caramel, Apple, Butter Milk",El Salvador
Ethiopia Huke Banko Gotiti,Indigenous Heirloom Varieties,"Lime, Floral, Persimmon, Berry, Citrus, Tea",Ethiopia
Gathaithi Kenya Nyeri,"Batian, Sl28, Sl34","Tropical Fruit, Sweet Cream, Berry, Orange, Citrus",Kenya
Acaia Hills Kent Natural,Kent Ab,"Fig, Mousse, Sweet Cream, Chocolate, Vanilla",Tanzania
El Obraje,Maracaturra,"Tropical Fruit, Stone Fruit, Apple, Floral",Nicaragua
La Laguneta,"Bourbon, Catuai, Caturra","Nut, Sweet Cream, Almond, Milk Chocolate, Caramel",Guatemala
Rafael Vinhal Lot 004 Thermo Natural Brazil,"Topazio, Yellow Catuai & Icatu","Tropical Fruit, Floral, Sweet, Coconut",Brazil
Yemen Wadi Dayan Yemenia Natural,Yemenia,"Tropical Fruit, Wine, Dried Fruit, Fermented, Coconut, Apple, Sweet",Yemen
Guatemala Decaf,"Caturra, Bourbon, Geisha","Currant, Dried Fruit, Chocolate, Berry, Apple, Raisin",Guatemala
Bali Kintamani,"Bourbon, Typica, Catimor","Tropical Fruit, Fig, Fermented, Chocolate, Berry, Acid, Orange, Citrus, Sweet",Indonesia
Secret Affair Espresso Blend,Mixed & Heirloom Varietals,Sweet,Ethiopia
Feyisa Abamecha Washed Process Dega Kurame 74110 100G 3 52Oz,Heirloom Varieties,"Stone Fruit, Citrus, Floral",Ethiopia
Buku Sayisa Natural Process Dega Kurame 74110 100G 3 52Oz,"Dega, Kurame, 74110","Berry, Sweet, Floral",Ethiopia
Cyiya Murundo Triple Washed Bourbon 50G 1 76Oz,Local Bourbon Varieties,"Berry, Citrus, Tea",Rwanda
Gao Yan Village Group Yunnan Washed Ethiopian Landrace 50G 1 76Oz,Ethiopian Landrace,"Stone Fruit, Floral",Ethiopia
Las Cortinas,"Bourbon, Catuaí, Caturra, Pache","Tropical Fruit, Dried Fruit, Milk Chocolate, Cream, Orange, Citrus, Raisin",Guatemala
Indonesia Gayo Sumatra Natural Single Origin Filter,"Ateng, Bor Bor, Catimor, Timor","Dark Chocolate, Dried Fruit, Chocolate, Melon, Raisin",Indonesia
Jose Jijón Putushio,Typica Mejorada,"Tropical Fruit, Peach, Floral, Flower, Orange, Citrus, Sweet, Stone Fruit",Ecuador
Entre Montañas Mokka,Mokka,"Tropical Fruit, Cran Berry, Berry, Orange, Citrus, Tea",Colombia
BRAZIL Sitio Bateia - Pulped Natural,Catucai 785,"Nut, Peach, Roasted, Red Apple, Stone Fruit",Brazil
ETHIOPIA Niguse Gemeda Chire Washed,"74112, Heirloom","Elder Flower, Floral, Lemon, Grape Fruit, Honey, Citrus, Sweet",Ethiopia
Ethiopia / SIDAMA CHIRE,74165,"Tropical Fruit, Floral, Mango, Herb, Tea, Stone Fruit",Ethiopia
Honduras/EL SAUCE MADRID FAMILY,"Pacas, Parainema","Cran Berry, Floral, Berry, Grape Fruit, Honey, Citrus, Sweet",Honduras
Lourdes De Naranjos Kenya Washed,Kenya,"Rose, Tropical Fruit, Cream, Acid, Orange, Citrus",Costa Rica
Kenya Kiangoi AA,"Ruiru 11, Sl28, Sl34","Nectarine, Plum, Grape Fruit, Citrus, Stone Fruit",Kenya
Diogo Dias Teixeira De Macedo Arara Sao Paulo Brazil,Arara,"Rose, Floral, Plum, Honey, Apple, Sweet, Stone Fruit",Brazil
Coffees/749 Lala Salama Decaffeinated Uganda,"Sl14, Sl28, Nyasaland","Nut, Peach, Hazel Nut, Plum, Milk Chocolate, Cream, Stone Fruit",Uganda
Coffees/58 Cignobianco Signature Blend,"Catuai, Caturra, Colombia","Nut, Sweet Cream, Almond, Plum, Milk Chocolate, Caramel, Stone Fruit",Colombia
Kenya Kiamugumo,"Batian, Sl34, Ruiru 11, Sl28","Lemon, Blue Berry, Plum, Berry, Jam, Citrus, Sweet, Stone Fruit",Kenya
Ethiopia Bookkisa,Gibirinna 74110 And Serto 74112,"Tropical Fruit, Sweet Cream, Straw Berry, Berry, Vanilla, Mango, Stone Fruit",Ethiopia
2025 Brazil Daterra Low Caf,Laurina And Aramosa,"Citrus, Praline, Stone Fruit",Brazil
Colombia Supernatural,"Castillo, Caturra, Geisha, Pink Bourbon And Colombia","Tropical Fruit, Chocolate, Cocoa Nib, Yogurt, Cream, Apple",Colombia
Ethiopia Buku Sayisa Anaerobic,Dega And Wolisho,"Tropical Fruit, Cream, Berry, Milk Chocolate, Cherry",Ethiopia
Peru Santo Tomas,"Catuai, Catimor","Plum, Milk Chocolate, Cream, Tea, Stone Fruit",Peru
Los Hermanos,"Catuai, Bourbon","Pie, Tropical Fruit, Sweet Cream, Pear, Chocolate, Cocoa, Anise, Spice",Peru
Indonezie Pegasing Anaerobic Esp,Tim Tim & Gayo 1,"Milk Chocolate, Red Apple, Cream, Tea",Indonesia
Mihuti Aa Kenya 250G,"Sl28, Sl34, Ruiru-11, Batian","Tropical Fruit, Lime, Ginger, Spice, Yuzu, Caramel, Citrus, Honey, Sweet",Kenya
Supernatural,"Castillo, Caturra, Geisha, Pink Bourbon, Colombia","Tropical Fruit, Cream, Berry, Milk Chocolate, Cherry",Colombia
R07,Maragogipe,"Wine, Dried Fruit, Fermented, Chocolate, Cocoa, Herb, Sweet",Mexico
Mullugeta Muntasha,75148,"Fermented, Berry, White Grape, Acid, Tea",Ethiopia
Misty Forest,Harrar Long Berry,"Tropical Fruit, Lime, Sweet Cream, Lemon, Yuzu, Acid, Citrus",Mexico
Kiamugumo,"Batian, Sl-34, Ruiru 11, Sl-28","Black Berry, Vegetal, Lemon, Blue Berry, Berry, Herb, Citrus, Sweet",Kenya
Exploradores de Café - Dos Amigos,Limaní- Mundo Maya,"Peach, Sweet Cream, Berry, Jam, Cherry, Acid, Stone Fruit",Mexico
Exploradores de Café - Chardomex,Oro Azteca Catimor,"Green Grape, Nut, Sweet Cream, Berry, Acid, Tea",Mexico
Swerl - Ab Ngariama,"Batian, Sl28, Sl34, Ruiru 11","Currant, Passion Fruit, Berry, Brown Sugar, Caramel, Sweet",Kenya
Cheeky Blend - Colombia & Kenya,"Caturra, Sl28, Geisha, Pink Bourbon","Berry, Green Apple, Currant",Colombia
La Hierba Santa,Bourbon De Colasay,"Pomegranate, White Grape, Sweet, Confectionary",Peru
Burera,"Bourbon Mayaguez 71 & 139, Jackson, Rab C15","Tropical Fruit, Currant, Berry, Mango, Stone Fruit",Rwanda
"SOLO - Aldea Washed, Nicaragua","Caturra, Catuai, Bourbon","Nut, Sweet Cream, Dried Fruit, Acid, Citrus",Guatemala
Thailand Doi Pangkhon Kenya-Style Washed,"Catuai, Typica, Chiang Mai, Sj133","Floral, Tea, Sweet Cream, Plum, Acid, Citrus, Honey, Stone Fruit",Thailand
Holiday Candy Colombia Brayan Alvear Co-ferment,"Castillo, Caturra & Colombia","Grape, Acid, Sweet Cream",Colombia
Kenya Coffea Circulor Ortho Isolated Batian Natural Multi Stage Deep Hypoxia Nhx,"Isolated, Sl28, H-Grade","Floral, Cider, Berry, Cherry, Honey, Sweet, Spice",Kenya
Kenya Coffea Circulor Bishop Isolated Ruiru 11 Aa Wet Hypoxia Dry Whdx,Ruiru 11,"Black Berry, Acid, Sugar, Straw Berry, Rhubarb, Vegetal, Lemon, Berry, Herb, Honey, Citrus, Sweet",Kenya
Ethiopia Dinsa Washed Wx,"Kurume, 74158","Tangerine, Tropical Fruit, Currant, Bergamot, Berry, White Grape, Apricot, Honey, Citrus, Stone Fruit",Ethiopia
Kiamagumo Ab,"Ruiru 11, Sl 28, Batian","Black Berry, Tropical Fruit, Berry, Grape Fruit, Citrus, Mango, Stone Fruit",Kenya
Kenya Kamwangi Ab,"Sl 28, Sl 34, Ruiru 11, Batian","Tropical Fruit, Floral, Fermented, Berry, Melon",Kenya
India Gundikhan Dry,Chandragiri,"Wine, Fermented, Grape, Herb, Spice, Sweet",India
Colombia El Nevado,"Caturra, Colombia, Castillo","Sugar, Dried Fruit, Raisin, Caramel, Sweet",Colombia
Exceedingly Rare Los Rodriguez Family Bolivia Sl28 X Caturra,"Sl28, Caturra","Rose, Black Berry, Floral, Dried Fruit, Straw Berry, Berry",Bolivia
Mexico Chiapas Finca Santa Cruz,"Bourbon, Marsellesa","Tropical Fruit, Sweet Cream, Milk Chocolate, Vanilla, Brown Sugar, Orange, Citrus, Caramel",Mexico
Mexico Sipro Year 3,"Caturra, Mundo Novo","Tropical Fruit, Dried Fruit, Berry, Cherry, Orange, Citrus",Mexico
250g Nicaragua finca El Poste,"Caturra, Bourbon, Catuai, Catuai Amarillo","Chocolate, Tropical Fruit, Dark Chocolate, Melon",Nicaragua
"Yemen East Haraz Jalal Jarmah, Ja'adi - Natural",Ja'Adi,"Fermented, Clove, Blue Berry, Chocolate, Berry, Herb, Earthy",Yemen
"Ethiopia Biloya, 74100, 74112 - Lactic Natural","74100, 74112","Sage, Berry, Tropical Fruit, Papaya",Ethiopia
"Panama Satamaria Angel Black BOP Auction Lot V09, Centroamericano - Natural",Centroamericano,"Berry, Floral, Chamomile, Elder Flower",Panama
"Panama Janson Lot.474, Geisha - Natural",Gheisha,"Rose, Tropical Fruit, Floral, Plum, Jam, Orange, Citrus, Sweet, Stone Fruit",Panama
"Panama Black Moon Midnight Spell, Mokha - Anaerobic Natural",Mokha,"Rose, Cran Berry, Floral, Sweet Cream, Berry",Panama
[Daily Line] Kenya Thunguri AA,"Sl28, K7, Ruiru11, Batian","Tropical Fruit, Currant, Sweet Cream, Caramel, Plum, Berry, Brown Sugar, Orange, Citrus, Tea, Stone Fruit",Kenya
"【Narsha Natural】Ethiopia Gesha Village Rarity ""Narsha Natural",Gesha1931,"Floral, Fermented, Lemon, Grape, Berry, Citrus, Tea",Ethiopia
Phuji Phantasy Natural Anaerobic Sidra Tolima Colombia,Bourbon Sidra,"Straw Berry, Pear, Chocolate, Berry, Acid, Citrus, Apple, Sweet",Colombia
Mount Caramel,"Castillo, Caturra, Pink Bourbon","Nectarine, Sweet Cream, Pear, Caramel, Stone Fruit",Colombia
Cherry Pied Piper,"Tabi, Caturra","Nut, Pomegranate, Fermented, Almond, Berry, Cherry, Acid, Sweet",Colombia
Morning Star Washed Community Lot Huila Colombia,"Caturra, Bourbon, Colombia, Castillo","Floral, Pear, Berry, Acid, Rasp Berry, Honey, Sweet",Colombia
Boa Vista,"Catuai, Catucai, Ipr 98","Nut, Nougat, Sweet Cream, Toffee, Caramel",Brazil
Dinkinesh Worka Chelbessa,1974-1975 Jarc Selections And Local Landraces,"Floral, Lemon, Bergamot, Acid, Citrus, Tea",Ethiopia
KENYA Eaagads AA Washed,"Ruiru11, Sl28, K7","Tropical Fruit, Floral, Lemon, Apricot, Grape Fruit, Candy, Orange, Citrus, Honey, Sweet, Stone Fruit",Kenya
Sao Lourenco,Paraíso,"Dried Fruit, Date, Berry, Jam, Cherry, Caramel, Sweet",Brazil
Honduras Marcos Chavez,"Pacas, Typica","Nut, Tropical Fruit, Grape, Chocolate, Cream, Citrus",Honduras
Costa Rica Monte Copey La Mesa Tipica 250G,Tipica,"Berry, Cran Berry",Costa Rica
Aphrodite,"Catuaí, Ethiopia Landraces","Sweet Cream, Cherry, Blue Berry, Berry, Milk Chocolate, Brown Sugar, Caramel",Unknown
Costa Rica Hacienda Sonora Yellow Honey,"Yellow Catuai, Catigua, Timor Hybrid","Tangerine, Tropical Fruit, Nectarine, Apricot, Citrus, Stone Fruit",Costa Rica
Organic Colombia Bombo,"Bourbon, Caturra, Colombia, Geisha","Tangerine, Tropical Fruit, Dark Chocolate, Chocolate, Honey, Citrus, Sweet",Colombia
Nicaragua La Bastilla Buena Vista Obata,Obata,"Nut, Tropical Fruit, Floral, Nougat, Sweet Cream, Chocolate, Orange, Citrus",Brazil
China Kaku,"Catimor P3,P4","Nut, Lime, Green Apple, Caramel, Citrus, Sweet",China
Colombia Granito De Oro,Caturro Chiroso,"Tropical Fruit, Currant, Berry, Apple, Sweet",Colombia
Kenya Misadhi Blue Mountain,"Blue Mountain, Batian","Prune, Dried Fruit, Grape, Raisin, Sweet",Kenya
Pea Blanca Guatemala 250G,"Bourbon, Caturra, Catuai, Typica","Green Grape, Nut, Pear, Almond, Vanilla, Caramel, Apple, Sweet",Guatemala
Silvia Tupi,Tupi,"Nut, Tropical Fruit, Orange, Peach, Fermented, Caramel, Citrus, Tea, Sweet, Stone Fruit",Colombia
Frinsa Estate Honey Saccharo,"Sigararutang, Andung Sari, Lini S, Ateng Super, P88, Bor-Bor","Tropical Fruit, White Chocolate, Pear, Chocolate, Citrus, Blood Orange",Indonesia
Kenia Kii Ab,"Sl28, Ruiru11, Batian","Tropical Fruit, Currant, Vegetal, Lemon, Berry, Stone Fruit, Apricot, Tomato, Orange, Citrus, Vanilla, Sweet, Blood Orange",Kenya
Guatemala Kekchi Organic,"Sarchimor, Caturra, Catuai, Bourbon","Nut, Dark Chocolate, Nougat, Roasted, Sweet Cream, Marzipan, Almond, Chocolate",Guatemala
Ethiopia Tibe Haro,74110/74112 & Local Landraces,"Tropical Fruit, Peach, Plum, Bergamot, Orange, Citrus, Tea, Stone Fruit",Ethiopia
Colombia El Roble (Washed),Caturra Chiroso,"Nut, Tropical Fruit, Floral, Plum, Honey, Orange, Citrus, Tea, Sweet, Stone Fruit",Colombia
Ethiopia Guji Uraga,74110 74112 & Local Landraces,"Pomegranate, Tropical Fruit, Dark Chocolate, Wine, Citrus, Licorice, Fermented, Plum, Berry, Chocolate, Herb, Spice, Acai, Anise, Sweet, Stone Fruit",Ethiopia
Mekuria Mergia Mr Mac,"74110, Ethiopian Landrace","Floral, Sweet, Grape Fruit, Citrus, Tea, Stone Fruit",Ethiopia
Yabitu Koba,Ethiopian Landraces,"Lime, Floral, Lemon, Honey, Citrus, Sweet",Ethiopia
Kii,"Sl28, Sl34, Ruiru 11, Batian, K7","Tropical Fruit, Currant, Ginger, Sweet, Marmalade, Lemon, Berry, Vanilla, Spice, Orange, Citrus, Caramel",Kenya
Dembi Natural,Ethiopia Heirloom,"Peach, Floral, Blue Berry, Berry, Vanilla, Sweet, Stone Fruit",Ethiopia
Domingo Torres Geisha,Geisha Gesha,"Pomegranate, Tropical Fruit, Floral, Jasmine, Fermented, White Grape, Citrus, Tea",Colombia
Pantan Musara,"Ateng Bor Bor, Catimor, Timor","Nut, Sweet, Plum, Grape, Bergamot, Cinnamon, Spice, Nutmeg, Citrus, Graham, Stone Fruit",Indonesia
Sochiapam,"Pluma, Typica, Bourbon, Mundo Novo","Cran Berry, Sugar, Plum, Grape, Berry, Sweet, Stone Fruit",Mexico
Love Potion,"Pink Bourbon, Ethiopia Landraces","Lavender, Lime, Floral, Lemon, Jam, Citrus, Sweet",Colombia
Honduras Guillermo Tercero Espresso,"Caturra, Typica, Bourbon","Fig, Currant, Sweet Cream, Berry, Milk Chocolate, Jam",Peru
"SL28, Ruiru 11 Washed Muburi AB","Sl28, Ruiru 11","Black Berry, Lavender, Floral, Fermented, Berry",Kenya
Elastic Days Peru Filter,Yellow Caturra,"Sweet Cream, Fermented, Straw Berry, Berry, Vanilla, Citrus",Peru
Ninga Kayanza Burundi,"Heirloom, Bourbon","Tropical Fruit, Nectarine, Floral, Berry, Orange, Citrus, Tea, Stone Fruit",Burundi
Form 0026_Eth Hon Seasonal Blend,Mixed Field Blends,"Sugar, Pear, Lemon, Citrus, Sweet",Honduras
Honduras Natividad Benitez El Ocotillo,"Pacas, Bourbon","Tropical Fruit, Straw Berry, Chocolate, Berry, Jam, Citrus, Sweet",Honduras
Colombia Javier Quintero,Bourbon Aruzi,"Straw Berry, Berry, Apricot, Caramel, Sweet, Stone Fruit",Colombia
Rungeto Kii Washed,"Ruiru 11, Batian, Sl-28, Sl-34","Currant, Floral, Berry, Grape Fruit, Honey, Citrus, Sweet",Kenya
China Kaku,P3 & P4 Catimor,"Lime, Sweet Cream, Milk Chocolate, Citrus, Apple",China
Peru La Palestina,Sl9,"Rose, Floral, Earthy, Herb",Peru
Sumatra Kerinci Natural,"Andung Sari, Sigarar Utang","Chocolate, Tropical Fruit, Sweet Cream",Indonesia
Ecuador Mamak Shuar AAA,"Red Bourbon, Sl28, Catucai, Caturra","Tropical Fruit, Persimmon, Apricot, Caramel, Citrus, Apple, Sweet, Stone Fruit",Ecuador
Costa Rica Tarraz El Diamante | 100g,Esperanza Hybrid,"Spice, Dried Fruit, Raisin, Cinnamon",Costa Rica
Melese Wolde Natural,Landrace 74158,"Ginger, Berry, Herb, Cherry, Sweet, Spice",Ethiopia
Worka Chelbessa Ethiopia,Jarc Selections And Ethiopian Heirlooms,"Tropical Fruit, Guava, Floral, Jasmine, Papaya, Tea",Ethiopia
Gore Dako,Landrace Ethiopian Varieties,"Lime, Citrus, Vegetal, Lemon, Herb, Spice, Cardamom, Sweet",Ethiopia
Kanzu Lot 26 Medium Rwanda,French Mission Bourbon,"Tropical Fruit, Dark Chocolate, Plum, Chocolate, Orange, Citrus, Sweet, Stone Fruit",Rwanda
Ab Kaguyu Kenya,"Sl28, Sl34, Ruiri 11, And Batian","Sugar, Sweet, Apricot, Herb, Grape Fruit, Citrus, Tea, Stone Fruit",Kenya
Decaf Colombia Condor Ea Decaf,Red + Yellow Caturra,"Nut, Sweet Cream, Almond, Marsh Mallow, Brown Sugar, Caramel",Colombia
Yaye Natural,Ethiopian Landrace And Jarc Selections,"Tropical Fruit, Acid, Floral, Lemon, Candy, Mango, Bran, Honey, Citrus, Apple, Sweet, Stone Fruit",Ethiopia
Brazil Santa Ines Acaia Pulped Natural,Acaia,"Nut, Biscuit, Floral, Sweet Cream, Plum, White Grape, Caramel, Stone Fruit",Brazil
Marisela Sanchez,Rosado,"Tropical Fruit, Berry, Orange, Citrus",Colombia
Ernedis Rodriguez Field Blend,"Caturra, Chiroso, Sidra, Java","Nut, Acid, Fig, Currant, Sweet Cream, Dried Fruit, Date, Almond, Berry, Cherry, Agave, Caramel, Citrus, Raisin, Stone Fruit",Colombia
Ninga,Bourbon Field Blend,"Apricot, Sweet, Persimmon, Stone Fruit",Burundi
Peru Puente Solaya Filter,"Caturra, Pache","Plum, Chocolate, Berry, Cherry, Stone Fruit",Peru
Colombia Gaitania Espresso,"Colombia, Castillo, Caturra","Floral, Chocolate, Caramel, Citrus, Tea, Stone Fruit",Colombia
Natural Ethiopia Shoondisa Pf4R3,"74112, 74158","Sugar, Floral, Blue Berry, Berry, Jam, Sweet",Ethiopia
Aquacatan Guatemala,Catuai Blend,"Dried Fruit, Chocolate, Apricot, Brown Sugar, Caramel, Sweet, Stone Fruit",Guatemala
Poobalang Kodaikanal Estate India 250G,"Sl13, Chandragiri","Tropical Fruit, Lime, Water Melon, Floral, Sweet Cream, Fermented, Rum, Citrus, Apple, Spice",India
La Pira White Honey Typica Costa Rica,Honey Typica,"Tropical Fruit, Floral, Bergamot, Melon, Honey, Citrus",Costa Rica
Specialty Coffee Single Origin Honduras Finca Tras Del Cerro,"Catuai, Lempira","Floral, Sweet Cream, Dried Fruit, Milk Chocolate, Honey",Honduras
DAK - Tropical Punch,Marsellesa & Red Obata,"Black Berry, Dried Fruit, Date, Chocolate, Berry, Cocoa, Jam, Sweet",Costa Rica
Fritz - La Isla,Catigua Mg2,"Chocolate, Berry, Black Berry, Cocoa",Costa Rica
September - Kianyangi Aa,"Sl28, Sl34, Batian, Ruiru","Currant, Berry, Acid, Sweet, Stone Fruit",Kenya
Kawa - El Vergel Magnum Sidra,Magnum Sidra,"Nectarine, Floral, Vanilla, Sweet, Stone Fruit",Colombia
Gogmago Colombia,"Tabi, Choroso","Green Grape, Pear, Tea, Berry",Colombia
Magnifico,Yellow Icatu,"Nut, Dark Chocolate, Hazel Nut, Dried Fruit, Chocolate, Apricot, Stone Fruit",Brazil
Levitate El Salvador,Portillo,"Tropical Fruit, Dried Fruit, Red Grape, Banana, Mango, Stone Fruit",El Salvador
Munchies Costa Rica,L9,"Floral, Plum, Red Apple, Honey, Sweet, Stone Fruit",Costa Rica
Dolce Brazil,"Yellow Catuaí, Red Catuaí","Nut, Roasted, Almond, Chocolate, Cocoa Nib, Caramel",Brazil
Doitung Rank 24 Thailand,Gayo,"Sweet Cream, Citrus",Thailand
Juan Rodriguez Wiwitz,"Washed Caturra, Bourbon And Catimor","Nut, Green Apple, Floral, Nougat, Sweet Cream, Honey",Guatemala
Genaro Perez Union San Pedro,Mundo Novo And Pluma Hidalgo,"Nut, Citrus, Sweet Cream, Praline, Berry, Grape Fruit, Caramel, Rasp Berry",Mexico
Cereza Natural Paisa,"Castillo, Red And Yellow Caturra","Lime, Fermented, Straw Berry, Rum, Berry, Spice, Citrus",Colombia
Valle Inca,"Bourbon, Typica, Caturra","Nut, Toffee, Almond, Plum, Caramel, Stone Fruit",Peru
Vanilla Marshmallow Cupcakes,"Gesha, Java","Floral, Sweet Cream, Marsh Mallow, Vanilla",Colombia
"E.A. Minas Gerais, Brazil","Catuai, Mundo Novo",Sweet,Brazil
"Las Nubes, Nicaragua","Caturra, Catuai, Catimor","Cream, Acid",Nicaragua
"Guatemala Plan De La Vega ""The Middle"" 200g","Typica, Bourbon, Maragogipe, Caturra, Pache","Tropical Fruit, Orange, Concord Grape, Chocolate, Caramel, Citrus, Apple",Guatemala
Honduras Heyvis Sagastume Pacas Washed 200g,Pacas Washed,"Peach, Prune, Sweet Cream, Dried Fruit, Berry, Milk Chocolate, Red Apple, Maple Syrup, Rasp Berry, Stone Fruit",Honduras
"Honduras Julio Garcia ""Dark Roast"" 200g","Catuai, Ihcafe90","Nut, Chocolate, Caramel",Honduras
Rosa,"Bourbon, Caturra, Gesha, Catimor","Floral, Plum, Chocolate, Sweet, Stone Fruit",Peru
Teamwork Seasonal Espresso Colombia,"Caturra, Colombia & Castillo","Tropical Fruit, Sweet, Brown Sugar, Orange, Citrus, Caramel",Colombia
Ethiopia Worka,Ethiopia: Worka,"Floral, Sweet, Vegetal, Lemon, Herb, Honey, Citrus, Tea",Ethiopia
Ethiopia Layoo,Laayyoo,"Vegetal, Lemon, Berry, Plum, Herb, Cherry, Citrus, Stone Fruit",Ethiopia
Mexico Los Altos,"Bourbon, Caturra, Catimor, Marsellesa, Mundo Novo","Pie, Nut, Nougat, Sweet Cream, Dried Fruit, Pecan, Date",Mexico
Ethiopia Uraga Wine Process Espresso Single Origin,Heirloom Varietals,"Berry, Fermented, Wine, Sweet",Ethiopia
Kenya Thiriku Aa Washed Filter Single Origin,"Sl34, Sl28, Batian, Ruiru 11","Currant, Dried Fruit, Lemon, Berry, Herb, Raisin",Kenya
Honduras Aracely Martinez Honey Espresso Single Origin,"Catimor, Lempira","Nut, Sugar, Almond, Herb, Citrus, Sweet",Honduras
Sumatra Cindaku Natural,Sumatra Cindaku Natural,"Tropical Fruit, Dark Chocolate, Dried Fruit, Fermented, Chocolate, Mango, Stone Fruit",Indonesia
La Llamarada,"Caturra, Catuai, Marsellesa","Nut, Sweet Cream, Almond, Chocolate, Apricot, Stone Fruit",Nicaragua
Honduras Mother Son Blend Red Honey,"Catuai, Pacas","Honey, Sweet, Red Apple, Vanilla",Honduras
Peru Cenfrocafe,Caturra + Typica,"Sweet Cream, Dried Fruit, Date, Chocolate",Peru
Uganda Sironko,Sl14 Sl28 Nyasaland,"Spice, Tropical Fruit, Ginger",Uganda
Kenya Boma,Landraces,"Plum, Chocolate, Tea, Stone Fruit",Kenya
Winter Annuals 2025,"Bourbon, Catuai","Tropical Fruit, Cider, Sweet, Spice, Orange, Citrus, Graham",Honduras
El Salvador Carlos Pola Dehydrated Honey,"Castillo, Limonares, Pacas, Heirloom, Parainema","Pomegranate, Sweet Cream, Berry, Jam, Brown Sugar, Acid, Caramel",El Salvador
Kenya Kiamugumo,"Sl28, Batian, Ruiru 11","Tropical Fruit, Berry, Cherry, Agave, Caramel, Apple, Sweet",Kenya
Guatemala Ayarza Natural,"Caturra, Yellow Catuai, Bourbon","Lime, Floral, Grape, Citrus, Sweet",Guatemala
Excelsior Issue Three A Limited Release Gesha Blend,Gesha Blend,"Floral, Cocoa Powder, Clove, Berry, Chocolate, Cherry, Honey, Sweet, Spice",El Salvador
Tumbaga Decaf,Local,"Pear, Plum, Honey, Sweet, Stone Fruit",Colombia
The Future Chocolate Covered Strawberries,"Pacamara, Caturra","Chocolate, Straw Berry, Sweet, Berry",El Salvador
Guatemala Santa Felisa Dwarf Gesha,Dwarf Gesha,"Tropical Fruit, Peach, Chocolate, Cocoa Nib, Grape Fruit, Orange, Citrus, Stone Fruit",Guatemala
Honduras Rosalina Ramos Year 2,Ih-90,"Nut, Tropical Fruit, Sweet Cream, Chocolate, Orange, Citrus",Honduras
Assembly Decaf Brazil,"Yellow Catucaí, Mundo Novo, Arara, Acaiá","Nut, Hazel Nut, Sweet Cream, Milk Chocolate",Brazil
Ethiopia Ayla Bombe,"Jarc 74110, Jarc 74158","Peach, Bergamot, Vanilla, Citrus, Sweet, Stone Fruit",Ethiopia
/048 Colombia — Castillo,Castillo & Colombia,"Caramel, Sweet, Red Apple",Colombia
Fabian Lomas,Bourbon Sydra,"Floral, Fermented, Ginger, Pear, Sweet, Vegetal, Lemon, Herb, Spice, Citrus, Ale",Ecuador
MARAGESHA Colombia — Wilder Lazo,Maragesha,"Nectarine, Floral, Jasmine, Grape, Blue Berry, Milk Chocolate, Berry, Cream, Caramel, Apple, Tea, Stone Fruit",Colombia
Ethiopia Daye Bensa (6oz),Local Heirloom,"Floral, Jasmine, Apricot, Tea, Stone Fruit",Ethiopia
Ethiopia Arbegona Rumudamo,74112 Ethiopian Heirlooms,"Floral, Bergamot, Apricot, Jam, Honey, Citrus, Sweet, Stone Fruit",Ethiopia
Las Delicias Yellow Pacas,Yellow Pacas,"Tropical Fruit, Berry, Blue Berry, Banana, Jam, Citrus, Sweet",Nicaragua
San Jose Yellow Pacamara,Yellow Pacamara,"Tropical Fruit, Floral, Fermented, Passion Fruit, Spice, Citrus, Mango",Nicaragua
Ethiopia Sookoo Anoxic,Gibirinna 74110 & Serto 74112,"Sweet Cream, Straw Berry, Cookie, Berry, Milk Chocolate",Ethiopia
Mexico Luis Ordoez,"Garnica, Bourbon","Nut, Nougat, Sweet Cream, Milk Chocolate, Brown Sugar, Caramel",Mexico
Mateo Bahamon Finca Santa Teresa,"Pink Bourbon, Gesha","Grape, Pear, Sweet, Jam",Colombia
Luis Roldan Red Caturra,Red Caturra,"Nut, Tropical Fruit, Clove, Almond, Chocolate, Cocoa, Vanilla, Spice, Orange, Citrus, Sweet",Guatemala
Werka,Ethiopian Landraces & Jarc Varieties,"Nectarine, Floral, Toffee, Blue Berry, Berry, Caramel, Stone Fruit",Ethiopia
Elefante,Elefante,"Citrus, Sweet Cream, Lemon, Berry, Milk Chocolate, Rasp Berry",El Salvador
Perla Negra Lot Kawa,Castillo Naranjal,"Black Berry, Floral, Sweet Cream, Chocolate, Berry",Colombia
Nicaragua Montenegro Mara,"Maragogype, Maracaturra","Nut, Tropical Fruit, Dried Fruit, Fermented, Praline, Beer, Chocolate, Herb, Caramel, Orange, Citrus, Raisin, Earthy",Nicaragua
Ratnagiri Estate India,Cavery,"Nut, Cream, Clove, Pecan, Chocolate, Butter, Cocoa, Spice",India
La Isla - Apollon's Gold,Eth47,"Tropical Fruit, Floral, Fermented, Passion Fruit, Melon, Tea, Sweet",Costa Rica
El Vergel Decaf - Manhattan,Red And Yellow Caturra,"Berry, Rasp Berry, Sweet, Red Apple",Colombia
El Diviso - Sweven,Bourbon Ají,"Tropical Fruit, Peach, Fermented, Acid, Sweet, Stone Fruit",Colombia
Ethiopia Gera Estate Anaerobic Natural,"74110, 74112, 74140, 74165","Grape, Straw Berry, Raisin, Berry",Ethiopia
The Future Spiced Orange Nov 24,"Pink Bourbon, Ethiopian Heirlooms","Ginger, Bread, Brown Sugar, Caramel, Citrus, Sweet, Spice",Colombia
Overripe Fermentation Series Lacti,Yellow Catucai,"Cream, Stone Fruit, Peach, Floral",Brazil
Jardines Del Eden Kolumbien Filter,Pink Geisha,"Lavender, Floral, Red Grape, Red Apple, Spice, Sweet",Colombia
Ethiopia: Chelelektu,"Kurume, Wolisho, Dega","Rose, Floral, Jasmine, Sweet, Bergamot, Berry, Honey, Citrus, Tea",Ethiopia
Colombia Purple Caturra Cardamon,"Purple Caturra, Ethiopian Heirlooms","Clove, Brown Sugar, Caramel, Sweet, Spice",Colombia
"Colombia Huila Monteblanco ""Pina Colada"" | 150g",Purple Catura,"Tropical Fruit, Peach, Spice, Orange, Citrus, Apple, Sweet, Stone Fruit",Colombia
Ecuador Robusta By Calixto Rivera,Pepon Brasilia Robusta,"Nut, Green Apple, Floral, Tea, Sweet Cream, Chocolate, Butter, Cocoa, Herb, Mint, Caramel, Citrus, Honey",Ecuador
Pacamara La Gloria,Red Pacamara,"Tropical Fruit, Passion Fruit, Grape Fruit, Caramel, Citrus, Sweet",Nicaragua
Mexico Cup of Excellence #2 Marsellesa & Costa Rica Washed [Score 90.63],Marsellesa & Costa Rica 95,"Tropical Fruit, Sweet Cream, Maple Syrup, Apple, Mango, Stone Fruit",Mexico
Honduras Enemecio Vasquez Benitez Microlot,"Ihcafe 90, Lempira","Nut, Hazel Nut, Sweet Cream, Marsh Mallow, Caramel, Apple",Honduras
Telila Kecho Anderacha,"Jarc 74110, Jarc 74112","Tropical Fruit, Floral, Lychee, Honey, Citrus, Sweet, Blood Orange",Ethiopia
Festive Blend,"Red Bourbon, Rab C15, Caturra, Castillo & Typica","Tropical Fruit, Sweet Cream, Plum, Pudding, Spice, Orange, Citrus, Stone Fruit",Unknown
Makena Estate,"Sl28, Sl34, Ruiru 11 & Batian","Berry, Black Berry, Currant, Floral",Kenya
Kianjuki Kenya,"Batian, Ruiru 11, Sl28","Tropical Fruit, Lime, Melon, Caramel, Citrus, Sweet",Kenya
Viani - Manhattan,"Colombia, Castillo, Typica","Fermented, Grape, Chocolate, Cocoa, Cream, Stone Fruit",Colombia
Suke Quto - Uncommon,"Kurume, Welicho","Berry, Fermented, Sweet",Ethiopia
【SPECIAL】HONDURAS El Puente Batian - Washed / 100g,Batian,"Tropical Fruit, Peach, Floral, Stone Fruit, Citrus, Blood Orange",Bolivia
【SPECIAL】BOLIVIA Floripondio SL34 - Lactic Pink Honey,Sl34,"Floral, Sweet Cream, Pear",Taiwan
"Mchana Estate, SL28 & SL34 & Ruiru11 & Batian, Natural, Kenya",Sl28 & Sl34 & Ruiru11 & Batian,"Currant, Berry, Red Grape, Red Apple, Spice, Rasp Berry, Sweet",Kenya
250g Ethiopia Banko Gotti,Jarc Variety 74148,"Tropical Fruit, Floral, Jasmine, Sweet, Vanilla, Tea",Ethiopia
250g Colombia finca La Guaca,"Bourbon Rosato, Bourbon Rojo & Castillo","Dark Chocolate, Plum, Chocolate, Caramel, Sweet, Stone Fruit",Colombia
Inacio Soares F2 - Manhattan,Red And Yellow Catuai,"Nut, Floral, Praline, Flower, Chocolate, Caramel",Brazil
Shoondhisa - Manhattan,Gibirinna 74110 Serto 74112,"Straw Berry, Blue Berry, Berry, Jam, Sweet",Ethiopia
Pearl - Mame,Mundo Novo,Chocolate,Brazil
Mukuyuni - Nomad,"Batian, K7, Ruiru 11, Sl28, Sl34","Tropical Fruit, Floral, Elder Flower, Caramel, Orange, Citrus, Sweet",Kenya
Maritza Mamani Peaberry - LiLo,"Caturra, Typica, Peaberry","Nut, Grape Fruit, Peach, Roasted, Almond, Berry, Cherry, Citrus, Stone Fruit",Bolivia
Kamwangi Aa - Drop Coffee Roasters,"Sl28, Sl34 And Ruiru 11","Acid, Lime, Currant, Fermented, Straw Berry, Berry, Bran, Citrus",Kenya
Disco Marmalade - Luna,Kurume & Wolisho,"Sweet Cream, Jelly, Grape, Acid, Tea, Stone Fruit",Ethiopia
Classic Synergy Harley - Fritz Coffee Company,Sl795,"Nut, Tropical Fruit, Fig, Dried Fruit, Sweet, Melon, Brown Sugar, Wal Nut, Caramel",India
Chelbesa - Sweven,Dega & Wolisho,"Oat, Peach, Floral, Sweet Cream, Jasmine, Fermented, Lemon, Acid, Citrus, Tea, Stone Fruit",Ethiopia
Cerro Azul - Drop Coffee Roasters,Red Catuaí,"Sweet Cream, Fermented, Milk Chocolate",Honduras
Aga - Coffee Collective,74158 Kurume,Acid,Ethiopia
Ethiopia Ayele Tulu,"Field Blend, Largely 74158","Tropical Fruit, Floral, Fermented, Berry, Orange, Citrus, Sweet",Ethiopia
"Release 028 - Las Lajas, Milenio Honey",Milenio,"Berry, Cran Berry, Peach, Stone Fruit",Costa Rica
Nicaragua La Cascada,Mundo Maya F1,"Nut, Praline, Milk Chocolate, Cream, Caramel, Apple",Nicaragua
Colombia - El Jaragual Rosado [24/25],"Variedad Colombia, Castillo","Tropical Fruit, Straw Berry, Passion Fruit, Berry, Sweet",Colombia
Costa Rica Don Joel Kenia,Kenia Sl28,"Fig, Currant, Dried Fruit, Toffee, Berry, Grape Fruit, Caramel, Citrus",Costa Rica
Kaptega Estate Peaberry,"Ruiru 11, Sl28","Prune, Dried Fruit, Rhubarb, Vegetal, Berry, Acid, Rasp Berry, Sweet",Kenya
Kiamugumo Aa,Sl28 Sl34,"Rhubarb, Vegetal, Berry, Grape Fruit, Acid, Citrus",Kenya
Costa Rica Gaia Artisan Light Roast,H10,"Lime, Floral, Nougat, Berry, Red Apple, Cherry, Citrus, Sweet",Costa Rica
China Yunnan Puer Medium Roast,"Catimor, Typica, Bourbon","Sweet Cream, Pear, Berry, Cherry, Candy, Citrus",China
Colombia Aji,Ají Landrace,"Currant, Toffee, Berry, Vanilla, Caramel, Sweet",Colombia
Kaffebonner Brasil Juleespresso,Starmaya,"Tropical Fruit, Licorice, Dried Fruit, Fermented, Herb, Spice, Apple, Sweet",Brazil
Kaffebonner Klassisk Julekaffe Fra Guatemala,Caturra And Bourbon,"Tropical Fruit, Orange, Sweet Cream, Fermented, Milk Chocolate, Caramel, Citrus",Guatemala
Brazil Vinhal ML-46 Grape Starfruit,Catuai 99,"Concord Grape, Sweet, Chamomile, Floral",Brazil
Colombia La Victoria,Caturra Field Blend,"Tropical Fruit, Peach, Floral, Red Grape, Orange, Citrus, Stone Fruit",Colombia
Colca Peru 250G,Typica & Bourbon,"Nut, Sweet, Cashew, Chocolate, Cocoa, Cinnamon, Brown Sugar, Wal Nut, Apple, Caramel, Spice",Mexico
El Triunfo San Bernardo Colombia,San Bernardo,"Tangerine, Nut, Tropical Fruit, Floral, Pear, Sweet, Almond, Lemon, Vegetal, Herb, Spice, Citrus, Mango, Stone Fruit",Colombia
Mohammed Abu Nura,Gibirinna 74110,"Nut, Floral, Jasmine, Apricot, Jam, Nutmeg, Tea, Sweet, Stone Fruit",Ethiopia
Okolu Natural Sundried,"74110, 74112, Ethiopia Landrace","Tropical Fruit, Floral, Straw Berry, Flower, Berry, Citrus, Blood Orange",Ethiopia
12 Oz La Golondrina,Castillo And Caturra,"Nut, Cream, Berry, Milk Chocolate, Cherry",Colombia
GUJI - ETHIOPIA,"Mikicho, 74158, 74112","Tropical Fruit, Guava, Papaya, Citrus",Ethiopia
Uganda Kajere Honey,"Sl28, Sl14, Nyasaland","Tropical Fruit, Lime, Fermented, Papaya, Spice, Citrus, Sweet",Uganda
200g Colombia Los Nogales,Bourbon Naranja,"Tropical Fruit, Currant, Berry, Orange, Citrus, Tea",Colombia
Velvet Bliss Espresso Colombia Anaerobic Washed,Caturra & Bourbon,"Cran Berry, Grape, Berry, Grape Fruit, Citrus",Guatemala
Cocano Haiti Specialty Coffee,Heirloom Typica,"Nut, Pecan, Chocolate, Cedar, Tobacco, Herb, Sweet, Earthy",Haiti
Ferney Cruz Colombia 250G,Caturra & Colombia,"Plum, Grape, Honey, Citrus, Sweet, Stone Fruit",Colombia
Central American Juanilama - Nomad,Sarchimore X Rume Sudan,"Pear, Herb, Brown Sugar, Caramel, Sweet",Costa Rica
Robinson Figueroa Density Separation,"Colombia, Caturra","Spice, Dried Fruit, Fig, Sweet",Colombia
Katia Duke Natural Honduras,"Catuai, Obatán","Lime, Floral, Sweet Cream, Fermented, Butter, Caramel, Citrus",Honduras
Coffea Diversa Ghimbi,Ghimbi,"Nut, Green Apple, Blue Berry, Berry, Chocolate, Cream",Costa Rica
Brazil Joao Hamilton Sitio Canaa Sumatra Espresso,Sumatra,"Tropical Fruit, Chocolate, Red Grape, Cocoa, Orange, Citrus",Brazil
Kenya Aa Gicherori Single Origin,"Batian, Ruiru11, Sl28, Sl34","Currant, Toffee, Chocolate, Berry, Cherry, Caramel, Sweet, Spice",Kenya
Silvia,"Ana Café 14, Gesha","Nut, Sugar, Floral, Sweet Cream, Fermented, Almond, Grape, Spice",Mexico
Kenya Muhathi AA 7oz,"Sl28, Sl34, Batian, And Ruiru","Tropical Fruit, Nectarine, Passion Fruit, Orange, Citrus, Sweet, Stone Fruit",Kenya
Cinnamon Roll - Colombia,Caturra & Pink Bourbon,"Clove, Ginger, Bread, Cinnamon, Spice, Anise, Sweet",Colombia
Nicaragua Maria Eugenia La Huerta Natural Process,Bourbon And Typica,"Tropical Fruit, Chocolate, Berry, Cocoa Nib, Rasp Berry, Apple, Sweet",Nicaragua
Colombia La Granja Tres Dragones Natural,Heirloom Blend,"Nut, Tropical Fruit, Dark Chocolate, Wine, Floral, Dried Fruit, Fermented, Flower, Chocolate, Spice, Apple, Sweet",Colombia
The Riff,"Ethiopian Heirlooms, Pink & Yellow Bourbon","Sweet Cream, Floral",Colombia
Ethiopia Ayele Tulu,"74158, 74110, 74112, 74165","Tropical Fruit, Guava, Cider, Melon, Spice, Sweet",Ethiopia
El Guaco,Pacas And Pacamara,"Tropical Fruit, Black Berry, Peach, Floral, Berry, Orange, Citrus, Stone Fruit",Honduras
Costa Rica Santa Teresa 2000 Kenia White Honey,Kenia,"Nut, Tropical Fruit, Sugar, Wal Nut, Sweet, Orange, Citrus, Tea",Costa Rica
Kenya Chorongi,Sl28 & Sl34 Ab,"Berry, Straw Berry, Peach, Stone Fruit",Kenya
Sonora H1 Centroamericano Costa Rica Filter,H1 Centroamericano,"Milk, Tropical Fruit, Floral, Tea, Jasmine, Sweet Cream, Melon, Candy, Honey",Guatemala
Teshome Gemechu,"74110, Dega, Wolisho","Plum, Stone Fruit, Tea, Floral",Ethiopia
Guji Flip Flops Ethiopia,"14112, Enat Buna","Dried Fruit, Straw Berry, Berry, Apple, Sweet",Ethiopia
Kamavindi Kenya Washed Sl28 Ab 1,"Sl28, Sl34, Ruiru 11, Batian Ab","Berry, Black Berry, Red Apple, Floral",Kenya
Ethiopia Gesha Village 1931 OMA Lot E-41 Natural,Geisha 1931,"Bergamot, Citrus, Red Grape, Floral",Ethiopia
Colombia - Nestor Lasso (Ombligón),OmbligóN,"Tropical Fruit, Apple, Sweet, Vanilla",Colombia
Peru La Colina,"Typica, Caturra","Spice, Chocolate, White Chocolate, Citrus",Peru
Costa Rica Steven Vargas,"Caturra, Caturai, Bourbon, Villa Sarchi","Pomegranate, Tropical Fruit, Sweet Cream, Mango, Stone Fruit",Costa Rica
Mooleh Manay Excelsa,Excelsa,"Floral, Sweet Cream, Pear, Berry, Herb, Vanilla",India
Macho,Catuaī,"Nut, Toffee, Almond, Berry, Cherry, Caramel",Costa Rica
Sweetshop,"Catuaí, Jarc 74110, Jarc 74112",Sweet,Ethiopia
Putra Gayo Indonesia,"Ateng, Bor Bor, Timor, Catimor","Tropical Fruit, Lychee, Marmalade, Apricot, Caramel, Stone Fruit",Indonesia
Ethiopia Rumudamo,"74112, Ethiopian Heirlooms","Sweet Cream, Straw Berry, Blue Berry, Berry",Ethiopia
GUATEMALA Don Angel,"Bourbon, Caturra, San Ramon","Nut, Green Apple, Almond, Chocolate, Cocoa, Vanilla, Brown Sugar, Caramel, Citrus, Sweet",Guatemala
Banananza Espresso,Caturra And Castillo,"Tropical Fruit, Sweet, Banana, Jam",Colombia
Daniel Mijane,"74110, 74112, Kurume","Straw Berry, Chocolate, Berry, Cocoa Nib, Brown Sugar, Caramel, Sweet",Ethiopia
Las Lajas - Swerl,Typica Lima,Floral,Costa Rica
Brazil Daterra Aramosa,Aramosa,"Pomegranate, Sweet Cream, Milk Chocolate, Spice, Apple",Brazil
Christmas Espresso Colombia Kenya,"Caturra, Colombia, Sl28, Sl34, Ruiru11, Batian","Nut, Marzipan, Spice, Caramel, Apple, Sweet",Colombia
Christmas Coffee Madan Estate Papua New Guinea,"Arusha, Bourbon, Typica","Plum, Chocolate, Caramel, Stone Fruit",Papua New Guinea
Colombia Jardines Del Eden Pink Gesha,Pink Gesha,"Nectarine, Floral, Jasmine, Berry, Rasp Berry, Tea, Stone Fruit",Colombia
Alturas Del Triunfo,Bourbon Red & Caturra Yellow,Chocolate,Mexico
Fazenda Cachoeira Miriam Monteiro De Aguiar Brazil,Catiguá Mg 2,"Dark Chocolate, Toffee, Plum, Chocolate, Cream, Caramel, Stone Fruit",Brazil
Kabogo Kongo Filterkaffee,"Kabare 16, Chizungu, Mulungu, Katamor","Sugar, Sweet, Blue Berry, Berry, Apple, Tea",Democratic Republic Of The Congo
Shibru Dube,"Dega, Wolisho, Kurume","Lavender, Peach, Floral, Blue Berry, Berry, Milk Chocolate, Cream, Stone Fruit",Ethiopia
Ethiopia Tabe Burka CWS Washed,"74110, Jarc Varieties, Ethiopian Landraces","Tropical Fruit, Sugar, Peach, Nectarine, Lychee, Blue Berry, Berry, Acid, Sweet, Stone Fruit",Ethiopia
Juana Lopez,Pluma Hidalgo,"Lime, Sweet Cream, Lemon, Custard, Honey, Citrus, Tea",Mexico
Unicorn Pony,"Metu Bishari, Gera, Merdacheriko","Black Berry, Sweet Cream, Straw Berry, Lemon, Grape, Berry, Maple Syrup, Caramel, Citrus",Ethiopia
Santa Felisa Gesha Washed Coffee,Gesha 2722,"Lime, Peach, Sugar, Bergamot, Apricot, Citrus, Sweet, Stone Fruit",Guatemala
Vietnam - Mùa Hè,"Bourbon, Typica & Caturra",,Vietnam
Indonesia - Rakyat winey,"Abyssinia, Ateng, Caturra, Gayo, Timtim, Typica","Tropical Fruit, Milk, Cream, Orange, Citrus, Apple",Indonesia
Ethiopie - Uraga Oro,"Ethiopian Heirlooms, Jarc","Cherry, Berry, Tropical Fruit, Citrus",Ethiopia
Ngurueri Kenya Aa,Sl28. Sl34. Ruiru 11. Batian. K7. Aa,"Black Berry, Currant, Vegetal, Berry, Tomato, Cherry, Rasp Berry, Sweet",Kenya
Uganda Zesui Women Farmers,Sl14,"Nut, Nougat, Sweet Cream, Dried Fruit, Date, Milk Chocolate",Uganda
Inza Ignacio Quintero Colombia,"Caturra, Colombia, Castillo & Typica","Tropical Fruit, Herb, Apple, Mango, Stone Fruit",Colombia
Vanessa Moreno Espresso Brazil Alta Mogiana,Catucai,"Nut, Hazel Nut, Chocolate, Dark Chocolate",Brazil
Vista Hermosa - Coffee Collective,"Bourbon, Caturra, Catuai","Apricot, Apple, Sweet, Stone Fruit",Guatemala
Santa Margarita - Traffic,"Caturra, Sarchimor, Catimor, Geisha","Dark Chocolate, Fermented, Chocolate, Caramel, Sweet",Guatemala
Thailand Mae Sui Natural 250G,"Catuai, Typica, Chiang Mai","Nut, Tropical Fruit, Pear, Almond, Plum, Citrus, Stone Fruit",Thailand
Ethiopia Nano Challa,"Ethiopian Heirloom, 1274","Peach, Floral, Bergamot, Berry, Citrus, Stone Fruit",Ethiopia
El Bombo Espresso,"Bourbon, Castillo, Caturra, Colombia","Nut, Persimmon, Cashew, Milk Chocolate, Cream",Colombia
Trung Huynh Orange Robusta Natural,Orange Robusta,"Nut, Citrus, Almond",Vietnam
Tariku Kare Washed,"74158, 74165","Peach, Floral, Lemon, Acid, Citrus, Sweet, Stone Fruit",Ethiopia
Sumatra Ribang Gayo Natural,"Abyssinia, Ateng, Gayo 1, Gayo 2, Timtim","Tropical Fruit, Sweet Cream, Straw Berry, Berry, Pudding, Banana",Indonesia
Producers Pride Costa Rica,"Caturra, Catuaí, Villalobos","Nectarine, Sweet Cream, Chocolate, Cocoa Nib, Bread, Stone Fruit",Costa Rica
La Folie Guatemala,"Bourbón, Caturra","Floral, Sweet Cream, Jasmine, Chocolate, Cocoa Nib, Tea",Guatemala
Sweet Tooth Espresso Talea De Castro,"Marsellesa, Sarchimor, Typica","Nut, Almond, Toast, Apple, Tea",Mexico
Mexico Cristal,"Garnica, Costa Rica, Marsellesa, Caturra","Nut, Tropical Fruit, Sweet, Almond, Chocolate, Berry, Cherry, Orange, Citrus, Caramel",Mexico
Bolivia Noche Fria,Pacamara And Geisha,"Sweet, Fudge, Berry, Cinnamon, Herb, Spice, Tea",Bolivia
Gonzalo Castillo,"H10, H3, H18 , Starmaya , Marseillaise","Sweet Cream, Straw Berry, Plum, Berry, Milk Chocolate, Stone Fruit",Nicaragua
Konga Amederaro Supernatural,Jarc Varieties,"Peach, Floral, Berry, Milk Chocolate, Cream, Stone Fruit",Ethiopia
Honduras Sky High,"Bourbon, Pacas, Catuaí","Nut, Dark Chocolate, Floral, Almond, Chocolate, Honey, Sweet",Honduras
#116 HandsxFeet Special Collaboration,"Dega, Kurama, 74110","Caramel, Berry, Chocolate",Ethiopia
Telila Ethiopia,"Jarc 74112, 74110","Lemon, Chocolate, Plum, Cocoa Nib, Citrus, Sweet, Stone Fruit",Ethiopia
Apple & Plum wine,"Sl28, Sl34, Batian, Ruiru 11 Peaberry","Wine, Fermented, Plum, Berry, Citrus, Tea, Sweet, Stone Fruit",Kenya
Thirikwa Sl28 Sl34 Ruiru 11 Batian,"Sl28, Sl34, Batian, And Ruiru 11","Pomegranate, Cran Berry, Sweet Cream, Fermented, Berry, Butter, Acid, Caramel",Kenya
Sumatra Kerinci Honey,"Andung Sari, Sigararutang, P88, Tim-Tim, Bor-Bor","Black Berry, Floral, Berry, Agave, Caramel, Sweet",Indonesia
El Morito Guatemala Washed Red Gesha Limited,Red Gesha,"White Grape, Stone Fruit, Sweet, Floral",Guatemala
El Monarca,Ih90,"Tropical Fruit, Caramel, Tea, Passion Fruit",Honduras
"Mexico Marcela & Esmerelda, Washed Typica & Mundo Novo",Typica & Mundo Novo,"Acid, Lime, Dried Fruit, Date, Straw Berry, Berry, Bran, Citrus, Sweet",Mexico
Santa Barbara,"Caturra, Typica & Sarchimor","Nut, Almond, Chocolate, Spice, Cardamom",Guatemala
El Castano Honey Mexico 250G,Typica & Peñasco,"Chest Nut, Nut, Chocolate, Cocoa, Red Apple",Mexico
Marcelo Assis - Traffic,Paraïso,"Pie, Lime, Sweet Cream, Fermented, Chocolate",Brazil
Fikadu - Traffic,"74110, 74112 Heirloom","Fermented, Sweet, Stone Fruit",Ethiopia
Panama Janson Lot 457,Green Tip Gesha,"Peach, Floral, Vanilla, Honey, Sweet, Stone Fruit",Panama
Royal Colombia Decaf,"Caturra, Typica, Castillo, And Colombia","Milk Chocolate, Cream, Apple",Colombia
Kenya Gatuya Aa Espresso,"Sl28, Sl34, Ruiru11, And Batian","Tropical Fruit, Toffee, Caramel, Spice, Orange, Citrus, Sweet",Kenya
Ethiopia Tibedu Roba Filter,Kurume And Wolicho,"Peach, Tea, Sweet, Stone Fruit",Ethiopia
Santa Monica Aruzi Colombia 100G,Aruzi,"Tropical Fruit, Lime, Floral, Sweet Cream, Apricot, Melon, Chamomile, Yuzu, Citrus, Tea, Stone Fruit",Colombia
Quarter Caf - Traffic,"Ancestral, Caturra Castillo",,Colombia
Colombia COE #27 Finca El Cairo 100g,"Colombia, Typica","Black Berry, Tropical Fruit, Sweet Cream, Dried Fruit, Date, Plum, Grape, Berry, Caramel, Anise, Mango, Spice, Stone Fruit",Colombia
Fazenda Serra Do Bone,"Red Catuaí, Yellow Catuaí, Catucaí","Dark Chocolate, Dried Fruit, Fermented, Sweet, Rum, Chocolate, Raisin, Spice, Graham",Brazil
Pie San Yellow Typica Excluive Lot,Yellow Typica,"Tropical Fruit, Lavender, Floral, Citrus, Apple",Colombia
Kenya Kii Ab Filter,"Batian, Bourbon, K7, Ruiru 11, Sl28, Sl34","Black Berry, Currant, Berry, Spice, Sweet",Kenya
Costa Rica Cup of Excellence #3 Experimental [Score 90.42],San Roque,"Tropical Fruit, Sugar, Chocolate, Apricot, Cocoa, Papaya, Acid, Honey, Sweet, Stone Fruit",Costa Rica
Thailand Mae Suai,"Catuai, Typica, Chiang Mai, And Sj133","Chocolate, Peach, Cocoa, Stone Fruit",Thailand
Kenya Nyamatu AA,"Sl28, And Sl34","Tropical Fruit, Nectarine, Passion Fruit, Plum, Sweet, Stone Fruit",Kenya
エチオピア / SIDAMA SHANTAWEN,74167,"Peach, Lemon, Herb, Spice, Citrus, Earthy, Stone Fruit",Ethiopia
Kiandu AA (Kenya),Sl14 & Sl28,"Tropical Fruit, Lime, Currant, Sweet, Vegetal, Berry, Tomato, Brown Sugar, Orange, Citrus, Caramel",Kenya
Kolumbie – La Cuba,"Pink Bourbon, Caturro Chiroso","Tropical Fruit, Floral, Citrus, Marmalade, Lemon, Vegetal, Berry, Herb, Caramel, Orange, Rasp Berry, Sweet",Colombia
"[5th ​​Anniv. Blend] ""Happiness Bloom"" Dark Roast Special ver.","Ethiopian Heirloom, Bourbon, Caturra","Dried Fruit, Straw Berry, Chocolate, Berry, Cream, Caramel, Raisin",El Salvador
Taferi Kela - AMOC,Ethiopian Heirloom + Jarc 74112,"Nut, Fermented, Marzipan, Bergamot, Citrus, Tea, Sweet",Ethiopia
Red Honey - Jiribilla,Sarchimor,"Acid, Sweet Cream, Fermented, Red Apple, Bran, Citrus, Spice",Mexico
R05,Orange Geisha,"Tropical Fruit, Floral, Lychee, Berry, Candy, Citrus, Sweet",Colombia
Pink Balloon - Dak,Red & Pink Bourbon,"Tropical Fruit, Floral, Fermented, Flower, Citrus, Sweet, Blood Orange",Colombia
El Acerillo - Prolog,"Yellow Caturra, Catuai","Nut, Caramel, Apple, Sweet, Stone Fruit",Peru
La Palestina Colombia,Chirinos,"Tropical Fruit, Lavender, Guava, Floral, Pear, Vanilla, Honey, Sweet",Colombia
Cherry Pie,Ombligon & Castillo,"Berry, Brown Sugar, Cherry, Caramel, Sweet",Colombia
Bella Carmona,"Bourbon, Typica","Tropical Fruit, Sugar, Sweet Cream, Milk Chocolate, Red Apple, Orange, Citrus",Guatemala
"ブレンド ""13,210.68"" / Los Madrigal - SL28, Typica / COSTA RICA","Typica, Sl28",,Costa Rica
El Salvador Las Dos Sofias Mario Valiente Kenya Natural,Sl-28 And Sl-32,"Tropical Fruit, Floral, Apricot, Melon, Stone Fruit",El Salvador
Kenya / Gatiti AA,"Ruiru11, Sl28, Batian","Sweet Cream, Cinnamon, Grape Fruit, Honey, Citrus, Spice",Kenya
Guatemala Milder Velásquez,"Bourbon, Caturra, Catuai, Pache, San Ramon","Toffee, Plum, Berry, Cherry, Caramel, Stone Fruit",Guatemala
KENYA Coffea Circulor Orbi Ruiru 11 AB Washed WX,Ruiru 11 Isolated Ab,"Biscuit, Rhubarb, Vegetal, Plum, Cream, Acid, Stone Fruit",Kenya
Exceedingly Rare Los Rodriguez Family Bolivia SL-28 x Caturra,"Caturra, Sl28","Rose, Black Berry, Floral, Dried Fruit, Straw Berry, Berry",Bolivia
Cinco De Junio,"Caturra, Typica, Bourbon, Catuai","Nut, Dark Chocolate, Pear, Almond, Chocolate",Nicaragua
Randolfo Pacheco,"Pache, San Ramon","Dried Fruit, Sweet, Grape, Vanilla, Brown Sugar, Caramel, Raisin",Ecuador
Sumatra Blue Batak,"Sigarrarutang, Ateng And Typica","Sweet, Red Grape, Stone Fruit",Indonesia
Espresso El Salvador Bales,Bales,"Tropical Fruit, Plum, Cinnamon, Spice, Orange, Citrus, Stone Fruit",El Salvador
Guatemala Alfredo Alvaro Ramirez Lot 4 - Los Pinos,"Bourbon, Catimor, Caturra","Nut, Pear, Berry, Chocolate, Rasp Berry",Guatemala
Luis Aguirre - Frukt,Caturra Like Hybrid,,Colombia
Lime Ball - Dak,Cenicafe,"Lime, Sweet Cream, Clove, Herb, Citrus, Cheese, Spice",Colombia
Fluffy Peach - Dak,Wolisho & Dega,"Milk, Peach, Floral, Elder Flower, Cream, Tea, Stone Fruit",Ethiopia
Kenya Kamviu Washing Station By Gaikundu Fcs,Sl28 & Rairu 11,"Black Berry, Tropical Fruit, Cran Berry, Currant, Sweet Cream, Berry, Grape Fruit, Orange, Citrus",Kenya
Benti Nenka 74114 Ethiopia,74114,"Nut, Peach, Nectar, Caramel, Citrus, Sweet, Stone Fruit",Ethiopia
Thunguri Nyeri Ab - Three Marks,"K7, Ruiru 11, Sl28, Sl34","Blue Berry, Berry, Grape Fruit, Honey, Citrus, Sweet",Kenya
Santa Luz - Obadiah,H3,"Acid, Tropical Fruit, Fermented, Apple",Nicaragua
Korongo Fw Ab - Three Marks,"Blue Mountain, Bourbon , Sl28 , Typica","Nut, Dried Fruit, Date, Marzipan, Chocolate, Cocoa, Sweet",Tanzania
Ace Mafafas Mexico,"Typica, Caturra, Costa Rica, Marsellesa, Sarchimor","Bergamot, Berry, Milk Chocolate, Cream, Citrus, Tea",México
Macondo Play,Bourbon Red,"Nut, Straw Berry, Berry, Cherry, Caramel, Sweet",Colombia
Honduras Piedras Amarillas Espresso,Pacas And Bourbon,"Peach, Straw Berry, Berry, Jam, Sweet, Stone Fruit",Honduras
"Ethiopia Chelbesa One, Washed Landraces","Kurume, Wolisho","Stone Fruit, Citrus, Peach, Floral",Ethiopia
Victor Calderon La Pia,Bourbon And Caturra,"Nut, Nougat, Sweet Cream, Chocolate, Apple",Guatemala
The Top Shelf Blend Limited Edition,"Tabi, Ethiopian Heirlooms","Currant, Floral, Berry, Herb, Rasp Berry, Sweet",Colombia
Brazil Pedra Grande Espresso,Obatá,"Chocolate, Tropical Fruit, Red Apple",Brazil
Meteitei Aa Kenya Omni Roast Helle Rostung,"Ruiru11, Batian, K7","Currant, Floral, Cherry, Berry, Grape Fruit, Citrus",Kenya
Don Joel Sl28,Sl28 San Roque,"Tropical Fruit, Floral, Citrus, Grape, Berry, Jam, Honey, Orange, Rasp Berry, Sweet",Costa Rica
Guatemala Todosantarita,"Pache, Caturra & Typica","Dark Chocolate, Chocolate, Spice, Apple, Sweet",Guatemala
Blend Kawa,"Yellow Catuaí, Caturra, Mundo Novo, Typica","Nut, Hazel Nut, Chocolate",Brazil & Peru
Bresil Boa Esperanca,"Yellow Catuaí, Mundo Novo","Nut, Chocolate, Caramel, Sweet",Brazil
Vinhal Lemongrass,Topazio,"Nut, Citrus, Hazel Nut, Vegetal, Lemon, Herb, Spice, Cardamom",Brazil
Kocherekochere - Square Mile,"Welisho, Dega, Kurume","Nectarine, Floral, Honey, Citrus, Tea, Sweet, Stone Fruit",Ethiopia
KENYA Kamwangi AA - Washed / 250g,"Sl28, Sl34, Ruiru11","Tropical Fruit, Floral, Fermented, Berry, Orange, Citrus",Kenya
Atlas Coffee Program Leaves Coffee La Negrita Victor Gallo,Victor Gallo,"Peach, Spice, Citrus, Apple, Sweet, Stone Fruit",Colombia
Bener Meriah,Abyssinia. Typica.,"Green Grape, Black Berry, Peach, Cider, Berry, Spice, Citrus, Apple, Sweet, Stone Fruit",Indonesia
Pulcal Single Origin Espresso,"Bourbon, Caturra, Tekisik","Nut, Green Apple, Hazel Nut, Brown Sugar, Caramel, Sweet",Guatemala
Ethiopia Danche,"Wolisho, Kurume","Tropical Fruit, Peach, Floral, Berry, Orange, Citrus, Stone Fruit",Ethiopia
Costa Rica Los Tonos Natural Anaerobic,Milenio F1,"Nut, Sweet Cream, Fermented, Almond, Vanilla, Spice, Mango",Costa Rica
Eternal Light Colombia,"Yellow Bourbon, Caturra","Tropical Fruit, Stone Fruit, Apricot, Citrus, Tea, Blood Orange",Colombia
Ngurueri,"Batian, K7, Ruiru 11","Tropical Fruit, Peach, Sweet, Lemon, Citrus, Mango, Stone Fruit",Kenya
New Belgium,"Catuai, Caturra, Bourbon","Dark Chocolate, Peach, Sugar, Chocolate, Berry, Sweet, Stone Fruit",Costa Rica
Finca Santa Sofia • El Salvador • Natural Kenyan,Kenyan,"Black Berry, Citrus, Sweet Cream, Fermented, Lemon, Berry, Rasp Berry",El Salvador
El Salvador Las Mercedes El Rubi Honey,Bourbon And Sl28,"Tropical Fruit, Caramel, Citrus",El Salvador
"Gesha Reckoning • Panama, Colombia & Ethiopia • Gesha Blend","Gesha, Caturra, Ethiopian Heirlooms","Nectarine, Sweet Cream, Fermented, Honey, Citrus, Stone Fruit",Colombia & Ethiopia
Organic Guatemala Todos Santos,"Caturra, Bourbon, Sarchimor, Anacafe","Nut, Hazel Nut, Berry, Cherry, Caramel",Guatemala
Thailand Ayo And Mika Medium Roast,"Catuai, Mix","Nut, Tropical Fruit, Wine, Dried Fruit, Fermented, Cashew, Chocolate, Berry, Rasp Berry, Apple",Thailand
Kenya Gatomboya AA Dark Roast 200g,"Sl28, Sl34 Aa","Dried Fruit, Fermented, Sweet, Chocolate, Berry, Bran, Liqueur, Raisin, Earthy",Kenya
Tanzania Acacia Hills Geisha Washed 100g,Geisha Aa,"Tropical Fruit, Lavender, Nectarine, Currant, Floral, Sweet Cream, Caramel, Berry, Yogurt, Brown Sugar, Candy, Orange, Citrus, Tea, Stone Fruit",Tanzania
Kerehaklu Estate Anoxic Natural,Sl6,"Nut, Hazel Nut, Straw Berry, Praline, Berry, Chocolate, Cocoa, Jam, Caramel, Sweet",India
Marco Echeverri Finca Las Nubes,"Geisha, Wush Wush, Pink Bourbon","Spice, Fermented, Sweet, Rum",Colombia
"CONCEPCION VILLATORO / Typica, Bourbon, Caturra - Fully Washed / GUATEMALA","Typica, Bourbon, Caturra","Nut, Sweet Cream, Fermented, Almond, Chocolate, Red Apple, Cocoa",Mexico
Guatemala Buena Esperanza,"Bourbon, And Caturra","Green Grape, Cream, Nectarine, Fermented, Pear, Spice, Stone Fruit",Guatemala
Kolumbie – Inzá – Washed,"Tabi, Pink Bourbon, Caturra And Colombia","Tropical Fruit, Fig, Lime, Floral, Dried Fruit, Spice, Orange, Citrus, Anise",Colombia
UGANDA Nafuna Washed WX,"Nyanzaland, Sl14, Sl28","Tropical Fruit, Cream, Berry, Milk Chocolate, Cherry, Orange, Citrus",Uganda
"Kenya Mara, Batian, Ruiru11 - Natural","Batian, Ruiru 11","Tropical Fruit, Lavender, Floral, Blue Berry, Berry, Orange, Citrus",Kenya
Lost Highway Seasonal Espresso Mexico,"Typica, Bourbon, Sarchimor","Nut, Marzipan, Chocolate, Berry, Cherry, Sweet",Mexico
Bolivia Cima Del Jaguar Espresso,Icatu Rojo,"Dark Chocolate, Chocolate, Honey, Caramel, Apple",Bolivia
Guatemala Finca La Serrania Kimono Natural,Kimono,"Tropical Fruit, Lime, Sweet, Plum, Grape, Candy, Jelly, Citrus, Apple, Mango, Stone Fruit",Guatemala
Decaf Colombia,"Pink Bourbon, Colombia, Caturra","Tropical Fruit, Chocolate, Cocoa, Vanilla, Orange, Citrus, Sweet",Colombia
Organic Honduras Manos De Mujer Washed Fair Trade,"Catuaí, Catimor, Icatuí","Chocolate, Caramel, Citrus, Toffee",Honduras
Spooky,Bourbon & Ethiopia Landraces,"Nut, Cider, Cherry, Berry, Spice, Apple, Sweet",Peru
Gachatha Aa,"Sl28, Sl34, Batian & Ruiru 11","Tropical Fruit, White Chocolate, Plum, Chocolate, Herb, Stone Fruit",Kenya
Impact Espresso,"Yellow Catucaí, Mundo Novo & Yellow Bourbon","Nut, Hazel Nut, Caramel, Apple",Brazil
Ribang Gayo Natural Sumatra,"Abyssinia, Ateng, Tim Tim, Gayo 1, Gayo 2","Tropical Fruit, Citrus, Sweet Cream, Lemon, Berry, Pudding, Banana, Rasp Berry",Indonesia
Segude,"Jarc 74110, Jarc 74140","Peach, Straw Berry, Chocolate, Berry, Stone Fruit",Ethiopia
Kaffebonner Guatemala Las Palomas,"Caturra, Catuai, Bourbon And Tipica","Tropical Fruit, Sweet Cream, Fermented, Berry, Milk Chocolate, Citrus, Blood Orange",Guatemala
Terraform Seasonal Filter Blend Autumns Vicar,"Ethiopian Heirlooms, Ethiopian Landraces, Gesha","Tropical Fruit, Peach, Guava, Floral, Honey, Stone Fruit",Ethiopia
Organic Guatemala Tojquia,"Bourbon, Caturra & Sarchimor","Cream, Floral, Berry, Milk Chocolate, Cherry",Guatemala
Artemira Bourbon Catuai,Bourbon & Catuaí,"Rose, Lime, Currant, Floral, Berry, Citrus",Peru
"Mexico Xánat #1 Espresso, Washed Field Blend","Sarchimor, Marselellesa, Typica","Sweet Cream, Dried Fruit, Chocolate, Butter, Caramel",Mexico
Mustefa Abalulessa Ethiopia 2024,"74110, 74165","Pie, Sweet Cream, Honey, Apple",Ethiopia
Bener Meriah Anaerobic Wet-Hulled Lychee *Limited Release*,"Typica, Regional Catimors","Rose, Tropical Fruit, Floral, Lychee, Fermented, Cream, Orange, Citrus, Tea",Indonesia
Calahute Espresso,Bourbon & Caturra,"Nut, Hazel Nut, Dried Fruit, Fermented, Chocolate, Cocoa, Apple",Guatemala
Kenya Kagumoini Aa,Sl28 - Sl34 - Ruiri 11,"Peach, Nectarine, Berry, Cherry, Stone Fruit",Kenya
Norma Iris Fiallos Maragogipe,Maragopipe,"Nut, Tropical Fruit, Hazel Nut, Dried Fruit, Toast, Mango, Maple Syrup, Citrus, Sweet, Stone Fruit",Honduras
Kiangoi,"Sl34, Sl28, K7, And Ruiru 11","Tropical Fruit, Floral, Citrus, Berry, Jam, Rasp Berry, Sweet, Blood Orange",Kenya
Decaf Jardin Espresso,"Caturra, Variedad De Colombia","Nut, Dark Chocolate, Chocolate, Wal Nut, Sweet",Colombia
Daterra Calabria,"Red Bourbon, Yellow Bourbon","Nut, Dark Chocolate, Berry, Chocolate, Cherry, Wal Nut",Brazil
Sesongot Perkebunan • Sumatra • Anaerobic Natural Ateng,Ateng,"Black Berry, Vegetal, Lemon, Chocolate, Cedar, Berry, Herb, Citrus, Earthy",Indonesia
/022 Guatemala — Buena Vista,"Caturra, Bourbon, Pache, Catuaí","Nut, Tropical Fruit, Almond, Milk Chocolate, Cream, Orange, Citrus",Guatemala
Coffee Finca Santa Isabel - Natural,"Obata, Catimor",,Guatemala
Organic Guatemala Joyabaj Chauquenem Natural Fair Trade,"Bourbon, Catuaí, Caturra","Blue Berry, Black Berry, Dried Fruit, Berry",Guatemala
Bolivia Don Pancho,"Typica, Caturra, And Catuai","Dried Fruit, Cocoa Powder, Salted, Berry, Apricot, Chocolate, Caramel, Sweet, Stone Fruit",Bolivia
Myanmar Pao Lot 110 Catuai Pulped Natural Honey,Catuai & Misc Varietals,"Nut, Currant, Lemon, Berry, Cedar, Herb, Caramel, Citrus, Sweet, Earthy",Myanmar
Myanmar Behind The Leaf Lot 293 Syrina Anaerobic Koji Natural,Syrina,"Floral, Grape, Berry, Blue Berry, Cherry",Myanmar
Kilimanjaro Cascara Esp,"Bourbon, Kenia","Toffee, Berry, Cream, Caramel, Rasp Berry",El Salvador
Equinox Seasonal Espresso,"Ethiopian Landraces, Ethiopian Heirlooms","Tropical Fruit, Floral, Melon, Honey, Tea",Ethiopia
Kenya Gichathaini Washed Single Origin Filter,"Sl28,Sl34, Ruiru 11 & Batian","Tropical Fruit, Lime, Floral, Citrus, Sweet",Kenya
Luisa Siles,"Caturra, Maragohype, Maracaturra","Plum, Chocolate, Fig, Stone Fruit",Nicaragua
Otoño Blend,"Caturra, Catuai, Sl28, Sl34, Ruiru, Batian","Tangerine, Tropical Fruit, Fig, Persimmon, Citrus",Kenya
Worka Chelbessa Ethiopia,Jarc Selections Ethiopian Heirlooms,"Tropical Fruit, Guava, Floral, Jasmine, Papaya, Tea",Ethiopia
Mexico Fincael perrico,"Marsellesa, Oro Azteca","Nut, Tropical Fruit, Green Apple, Dried Fruit, Pecan, Mango, Stone Fruit",Mexico
Mexico Cifuentes family,"Bourbon, Caturra, Catimor","Tangerine, Tropical Fruit, Lime, Cream, Spice, Citrus",Mexico
Don Rafa,Gesha & Caturra,"Tropical Fruit, Sweet Cream, Fermented, Berry, Melon, Vanilla",Mexico
Santa Clara,Panama Gesha,"Tropical Fruit, Dried Fruit, Fermented, Chocolate, Cocoa, Orange, Citrus, Tea",Guatemala
La Pllata Decaf,"Caturra, Castillo And Variedad Colombia","Nut, Dark Chocolate, Currant, Roasted, Almond, Berry, Chocolate",Colombia
Finca Alto Bonito,"Caturra, Castillo And Colombia","Nut, Sweet Cream, Butter, Caramel, Spice",Colombia
Aricha Espresso,"Kurume, Dega & Wolisho","Floral, Fermented, Grape, Apricot, Butter, Cream, Caramel, Spice, Stone Fruit",Ethiopia
Mitad Del Mundo,"Typica, Caturra & Bourbon","Cherry, Chocolate, Berry",Ecuador
Raro Boda,"Wolisho, Dega & Kurume","Rose, Tropical Fruit, Floral, Lychee, Lemon, Jam, Citrus, Sweet",Ethiopia
El Nevado Espresso,"Caturra, Castillo & Colombi","Nut, Sugar, Marzipan, Berry, Caramel, Sweet",Colombia
Organic Decaf Honduras Comsa,"Catuai, Caturra, Lempira, Pacas","Nut, Nougat, Sweet Cream, Caramel, Citrus",Honduras
Organic Guatemala Qejnhah,"Red And Yellow Caturra, Bourbon","Tropical Fruit, Caramel, Apple, Dried Fruit",Guatemala
Organic Mexico Santuario,"Bourbon, Caturra, Typica, Anacafe, Pacamara","Dried Fruit, Cookie, Toffee, Sweet, Chocolate, Caramel, Raisin",Mexico
Organic Harvest Blend,"Caturra, Bourbon, Sarchimor, Catimor, Anacafe","Nut, Clove, Spice, Wal Nut, Apple, Sweet",Guatemala
Twenty 4 Hours,Liberica X Arabica,"Chocolate, Tropical Fruit, Mango, Stone Fruit",Unknown
Ethiopia Negele Gorbitu Anaerobic Natural Hopi,"Dega, Wolisho And Kurume","Tropical Fruit, Raisin, Wine, Dried Fruit, Fermented, Straw Berry, Sweet, Passion Fruit, Berry, Jam, Mango, Stone Fruit",Ethiopia
Guatemala Santa Felisa Classic Geisha Series,African Geisha,"Cream, Floral, Jasmine, Flower, Lemon, Bergamot, Custard, Citrus, Tea",Guatemala
Guatemala Santa Felisa Classic Geisha Series,Geisha 2722,"Rose, Tropical Fruit, Peach, Floral, Nectar, Straw Berry, Sweet, Berry, White Grape, Jam, Citrus, Mango, Stone Fruit",Guatemala
Ethiopia Worka Nenke By Abraham Mengiste,74410,"Tangerine, Tropical Fruit, Peach, Floral, Sweet Cream, Jasmine, Fermented, Straw Berry, Bergamot, Berry, Mango, Jam, Citrus, Tea, Stone Fruit",Ethiopia
Indonesia Raja Harimau Lintong,Onan Ganjang,"Tropical Fruit, Citrus, Fermented, Berry, Cedar, Tobacco, Herb, Orange, Rasp Berry, Vanilla, Sweet, Earthy",Indonesia
Kenya Muthigi-ini AA 200g,"Sl28, Sl34, Batian, Ruiru11","Cream, Berry, Honey, Currant",Kenya
Peru El Progreso Anaerobic Washed,Yellow Maragogype,"Tangerine, Tropical Fruit, Nectarine, Berry, Citrus, Tea, Stone Fruit",Peru
Brazil Daterra Pulped Natural,Guarani,"Vegetal, Lemon, Herb, Citrus, Tea",Brazil
Los Santos Guatemala,"Bourbon, Caturra, Typica, Catuaí","Chocolate, Dark Chocolate, Sweet Cream",Guatemala
Low Caffeine Daterra Reserve Aramosa Laurina,Aramosa & Laurina,"Pomegranate, Milk Chocolate, Cream, Caramel",Brazil
Ethiopia Arbegona Rumudamo,"Ethiopian Landraces, 74112","Blue Berry, Berry",Ethiopia
Finca San Sebastian Washed Pink B Gesha Huila Colombia,Gesha & Pink Bourbon,"Nut, Nougat, Sweet Cream, Dried Fruit, Clove, Chocolate, Berry, Cherry, Acid, Spice",Colombia
Honduras Pedro Garcia,Bourbon & Parainema,"Nut, Tropical Fruit, Almond, Berry, Cherry, Apple",Honduras
Costa Rica Las Lajas Ethiope,Ethiope,"Cherry, Pomegranate, Caramel, Berry",Costa Rica
EL TREBOL DECAF - Colombia Filter Coffee - Decaffeinated,"Castillo, Colombia, Caturra","Black Berry, Sugar, Cookie, Chocolate, Berry, Sweet",Colombia
PLANTATION - India Filter Coffee,S795,"Nut, Tropical Fruit, Sugar, Hazel Nut, Sweet Cream, Apricot, Milk Chocolate, Papaya, Stone Fruit",India
BRAZIL - Brazil filter coffee,Yellow Catuai; Red Catuai,"Nut, Nougat, Hazel Nut, Sweet Cream, Chocolate, Honey, Caramel",Brazil
Colombia | Villa Betulia -Bourbon Primitivo-,Bourbon Primitivo,"Pomegranate, Rose, Tropical Fruit, Floral, Lychee, Fermented, Grape, Spice, Bran, Caramel",Colombia
Colombia | La Maria -El Dorado-,Chilli Geisha,"Tropical Fruit, Peach, Floral, Dried Fruit, Plum, Herb, Orange, Citrus, Apple, Raisin, Stone Fruit",Colombia
Rungeto Kii Ab,"Sl28, Sl34, Batian, Ruiru-11","Tropical Fruit, Floral, Elder Flower, Citrus, Blood Orange",Kenya
El Aguacate Costa Rica,Villalobos And Caturra,"Lime, Floral, Lemon, Berry, Cherry, Citrus",Costa Rica
Sochiapam Mexico,"Typica, Pluma","Nut, Tropical Fruit, Pecan, Orange, Citrus, Apple, Sweet",México
Gamaliel Rios Ortiz Mexico,"Typica, Peñasco","Berry, Apricot, Rasp Berry, Tea, Stone Fruit",Mexico
Headliner Seasonal Espresso,"Typica, Caturra, Costa Rica, Marsellesa, Sarchimor, Bourbón, Catuaí, Villalobos","Tropical Fruit, Sweet Cream, Apricot, Milk Chocolate, Jam, Yuzu, Citrus, Stone Fruit",Guatemala
Wilder Lazo Panama Colombia Natural Espresso,"Geisha, Pink Bourbon","Citrus, Sweet, Nectarine, Stone Fruit",Colombia
Felipe Romão: Brazil,"Catuai, Catucai, And Mundo Novo","Nut, Nougat, Sweet Cream, Chocolate, Citrus",Brazil
Tambopata: Peru,"Typica, Caturra, And Bourbon","Spice, White Grape, Pear, Cinnamon",Peru
Juan Vargas Guatemala Light Filter,"Caturra, Red Catuai, Pache Verde","Tropical Fruit, Vanilla, Brown Sugar, Caramel, Sweet",Guatemala
Malaysia My Liberica Jh Pearl,Liberica Peaberry,Tropical Fruit,Malaysia
Last Call Amulet Guatemala,"Caturra, Bourbon, Pache","Dried Fruit, Date, Plum, Berry, Cherry, Sweet, Stone Fruit",Guatemala
Decaf Mexico,"Typica, Caturra, Munda Novo","Chocolate, Berry, Cherry, Candy, Sweet",Mexico
Kenya Maguta CM N Indigo 108,Ruiru,"Chocolate, Caramel, Grape",Kenya
Mystery Coffee,"Andungasari, Bor Bor, Katrika, Ateng","Coriander, Wood, Vegetal, Berry, Vanilla, Rasp Berry, Sweet, Earthy",Indonesia
【FOR MILK】ETHIOPIA Aricha - Washed / 250g,Dega,"Peach, Floral, Sweet, Honey, Tea, Stone Fruit",Ethiopia
Out Of Office,"Ethiopian Heirlooms, Dega, Bourbon","Green Apple, Peach, Straw Berry, Lemon, Berry, Citrus, Sweet, Stone Fruit",Ethiopia
Crazy Goat Blend,"Dega, Kurume","Dark Chocolate, Toffee, Chocolate, Spice, Caramel",Ethiopia
Sitio Santo Antonio Familia Peixoto Brazil,Yellow Catucaí,"Prune, Dried Fruit, Fudge, Chocolate, Caramel, Sweet",Brazil
El Salvador Cerro Las Ranas Honey,"Bourbon, Pacas, Caturra","Tropical Fruit, Floral, Straw Berry, Berry, Melon, Honey",El Salvador
Mexico San Augustin Loxicha,Pluma,"Nut, Sweet Cream, Pear, Butter, Caramel",Mexico
Organic Guatemala Huehuetenango Flor De Cafe,"Bourbon, Catimor, Catuaí","Lime, Apricot, Milk Chocolate, Cream, Citrus, Stone Fruit",Guatemala
Nicaragua La Bastilla,H17,"Nut, Tropical Fruit, Nougat, Sweet Cream, Chocolate, Cocoa, Spice, Orange, Citrus",Costa Rica
Guatemala Rosa Santa Barbara,"Caturra, Bourbon, Catimor","Vegetal, Lemon, Chocolate, Herb, Citrus, Sweet",Guatemala
Guatemala Huehuetenango Rio Azul Shb Ep,"Bourbon, Caturra, Catuaí","Spice, Caramel, Apricot, Stone Fruit",Guatemala
El Salvador Las Mercedes Pepinal,"Bourbon, Sl28","Tropical Fruit, Orange, Plum, Chocolate, Caramel, Citrus, Apple, Stone Fruit",El Salvador
Decaf Colombia Huila Ea,"Colombia, Caturra, Castillo","Sweet Cream, Chocolate, Malt, Stone Fruit",Colombia
Costa Rica Aquiares,F1 Centroamericano,"Tropical Fruit, Acid, Floral, Sweet Cream, Honey, Caramel, Apple, Stone Fruit",Costa Rica
Kenya Kiringa Pb,Sl34 & Sl28,"Currant, Floral, Rhubarb, Vegetal, Berry, Grape Fruit, Acid, Citrus",Kenya
Guatemala La Labor,"Bourbon, Catuai & Typica","Nut, Sweet Cream, Dried Fruit, Pecan, Almond, Milk Chocolate",Guatemala
Bella Carmona,Bourbon. Caturra.,"Fermented, Chocolate, Apricot, Agave, Caramel, Sweet, Stone Fruit",Guatemala
Nyeri Hill Kenya,Sl28. Sl34. Riuru 11.,"Currant, Floral, Berry, Vanilla, Sweet",Kenya
Nsoga Iweyza,Kent. N39.,"Spice, Berry, Chocolate, Ginger",Tanzania
Bella Carmona Honey,Bourbon. Dwarf Bourbon. Red Caturra. Yellow Caturra. Catimor Hybrids.,"Floral, Clove, Straw Berry, Berry, Apricot, Spice, Honey, Sweet, Stone Fruit",Guatemala
Mid-Century Blend,"74110, Ethiopian Heirlooms","Grape, Berry, Apricot, Rasp Berry, Stone Fruit",Ethiopia
Season curation,"Sudan Rume, Sarchimor","Nut, Pecan, Grape, Blue Berry, Berry, Caramel",Guatemala
Yellow Gesha Triple Staggered Nitrogen Flush White Honey Finca La Negrita,Yellow Gesha,"Pomegranate, Peach, Stone Fruit",Colombia
El Diviso Huila Colombia,"Castillo, Caturra And V. Colombia","Lime, Berry, Vanilla, Citrus, Sweet",Colombia
Desvelado Decaf Tolima Colombia,"Colombia, Castillo, Caturra, Tabi","Nut, Fudge, Chocolate, Red Apple, Caramel, Sweet",Colombia
Teamwork Seasonal Espresso Guatemala,"Caturra, Catuai, Bourbon & Pache","Nut, Chocolate, Apple, Almond",Guatemala
Brasilien Fortaleza Bobolink,"Bourbon, Obata, Catuai","Nut, Hazel Nut, Almond, Milk Chocolate, Cream",Brazil
Peru Nueva Florida,"Typica, Caturra, Bourbon, Pache","Sweet Cream, Dried Fruit, Citrus",Peru
Brasilien Pereira Sweet Bourbon,Yellow & Red Bourbon,"Nut, Dark Chocolate, Hazel Nut, Chocolate, Caramel",Brazil
Sumatra Ketiara Gayo,"Ateng, Gayo 1, Timtim","Dark Chocolate, Chocolate, Herb, Spice, Sweet, Stone Fruit",Indonesia
Costa Rica Del Fuego Choque Termico,Catuai & Caturra,"Fig, Sugar, Nectarine, Caramel, Sweet, Stone Fruit",Costa Rica
Mexico Tenejapa_En,"Marsellesa, Costa Rica, Typica And Caturra","Nut, Tropical Fruit, Hazel Nut, Lemon, Jam, Orange, Citrus, Sweet",Mexico
Specialty Coffee Indonesia Sadayana,"Sigarar, Utang, Timor, Typica","Black Berry, Chocolate, Berry, Honey, Sweet",Indonesia
Cyclist Coffee Blend,"Caturra, Red Catuai, Ethiopian Heirlooms","Spice, Citrus, Lime, Apple",Ethiopia
Costa Rica El Diamante,Caturra & Red Catuai,"Dark Chocolate, Ginger, Chocolate, Bread, Cinnamon, Spice, Sweet",Costa Rica
Prodotto Jump,"Castillo & Caturra, Red Catuai & Yellow Catuai, Ethiopian Heirlooms","Nut, Floral, Marzipan, Honey, Caramel, Sweet",Ethiopia
Prodotto Mammamia,"Catuai, F1, Ethiopian Heirlooms, Catuai","Spice, Chocolate, Dried Fruit, Dark Chocolate",Peru
Dragon Seasonal Espresso Brazil,"Mundo Novo, Catuai","Sweet Cream, Cherry, Berry, Milk Chocolate, Caramel",Brazil
Kenya Kiamugumo,"Atian, Sl28, Sl34, Ruiru 11","Lime, Currant, Biscuit, Berry, Citrus, Sweet",Kenya
Brygg,"Yellow Bourbon, Catuai & Caturra","Nut, Milk Chocolate, Cream",Brazil
Classic Espresso,"Yellow Catuai, Ethiopian Heirlooms","Sweet Cream, Dried Fruit, Milk Chocolate",Ethiopia
The pear is mightier than the marshmallow,Extended Fermentation - Washed,"Nut, Peach, Floral, Maple Syrup, Herb, Sweet, Stone Fruit",Colombia
Plum Jelly Donut,"Caturra, Colombia, Castillo, Pink Bourbon, Geisha","Nut, Plum, Berry, Cherry, Caramel, Sweet, Stone Fruit",Colombia
Melon Creamsicle,"Caturra, Bourbon, 1974-1975 Jarc Selections, Ethiopian Landraces","Tropical Fruit, Peach, Melon, Honey, Citrus, Stone Fruit",Colombia
Lychee,"Castillo, Ethiopian Landraces","Tropical Fruit, Lychee, Berry, Coconut, Rasp Berry",Colombia
Ginger Candy,Yellow Bourbon & Yellow Caturra,"Ginger, Spice, Honey, Citrus, Sweet",Colombia
Timor Leste Atsabe,"Hibrido De Timor, Moka, Typica","Berry, Black Berry, Straw Berry",Timor Leste
Guatemala Los Suspiros,"Bourbon, Caturra, Maragogype, Pacamara","Berry, Rasp Berry, Sweet, Maple Syrup",Guatemala
Assembly House Single Espresso Espresso 200G,Ancafe 14,"Nut, Almond, Toast, Milk Chocolate, Cream",Guatemala
"[Daily Line] Blend ""Traditional"" Medium-Dark Roast","Castillo, Caturra, Bourbon, Yellow Catuai, Ethiopian Heirlooms","Nut, Tropical Fruit, Dried Fruit, Date, Milk Chocolate, Cream, Caramel, Raisin",Colombia
"[Signature Blend] ""Daily Little Happiness"" Medium Roast","Caturra, Catuai, Bourbon, Castillo, Ethiopian Heirlooms","Nut, Roasted, Sweet Cream, Pear, Plum, Milk Chocolate, Brown Sugar, Caramel, Stone Fruit",Colombia
"[Signature Blend] ""Happiness Bloom"" Medium-Light Roast","Ethiopian Heirloom, Caturra","Tropical Fruit, Cran Berry, Dried Fruit, Fermented, Berry, Honey, Orange, Citrus, Sweet",Ethiopia
Epic Espresso,"Red Bourbon, Caturra, Bourbon, Typica","Sweet, Floral",Peru
Old School Espresso,"Catuai, Bourbon, Arara, Topazio, Castillo, Caturra, Colombia","Nut, Chocolate, Caramel, Dark Chocolate",Colombia
Colombia El Diamante 8Oz,Pink Borbon,"Tropical Fruit, Black Berry, Berry, Herb, Citrus, Blood Orange",Colombia
"Colombia Finca Los Nogales ""The Middle"" 200g","Tabi, Typica, Caturra","Nut, Tropical Fruit, Cran Berry, Orange, Cashew, Berry, Red Apple, Cream, Caramel, Citrus",Colombia
Halo Hartume,Jarc Selections & Indigenous Landraces,"Tropical Fruit, Floral, Pear, Herb, Orange, Citrus",Ethiopia
"PUCHICA / Bourbon, Pache, Caturra, Catuai - Fully Washed / GUATEMALA","Bourbon, Pache, Caturra, Catuai","Cream, Acid, Citrus, Stone Fruit",Guatemala
Layo Teraga,"Jarc 74110, Ethiopian Landraces","Tropical Fruit, Lime, Floral, Fermented, Cookie, Melon, Spice, Acid, Caramel, Tea, Sweet, Stone Fruit",Ethiopia
Kenya Konyu AB,"Sl28, Sl34, Ruiru 11, And Batian","Lime, Plum, Berry, Cherry, Citrus, Stone Fruit",Kenya
KENYA Coffea Circulor Orbi Mixed AB Washed WX,"Mixed Varieties, Unknown Ratio","Biscuit, Rhubarb, Vegetal, Plum, Cream, Acid, Stone Fruit",Kenya
Colombia Wilder Lazo Natural Geisha Pink Bourbon,Geisha & Pink Bourbon,"Tropical Fruit, Floral, Straw Berry, Sweet, Berry, Honey, Mango, Stone Fruit",Colombia
Kenya Kariru,"S28, Sl34, Ruiru 11","Tropical Fruit, Currant, Dried Fruit, Plum, Berry, Stone Fruit",Kenya
Techno Peach Habtamu Fikadu Gedeb Ethiopia,Jarc 74110 & 74112,"Cream, Peach, Butter, Stone Fruit",Ethiopia
Asman Gayo Naturel,"Ateng, Bor Bor, Catimor & Timor","Nut, Nougat, Sweet Cream, Clove, Berry, Cherry, Spice",Indonesia
Massa Lalessa Worka Chelchele,"Jarc Varietals, Ethiopian Heirlooms","Fermented, Pear, Berry, Acid, Caramel, Rasp Berry",Ethiopia
Tanzania Kilimanjaro Estate (Honey),"K9, N39, Batian","Green Grape, Floral, Dried Fruit, Date, Honey, Sweet",Tanzania
Edwin Norena Strawberry Blossom,Pink & Red Bourbon,"Tropical Fruit, Elder Flower, Floral, Straw Berry, Sweet, Bergamot, Berry, Candy, Citrus, Mango, Stone Fruit",Colombia
Muthigiini,"Sl28, Sl34, R11 & Batian","Lime, Currant, Lemon, Berry, Bergamot, Citrus, Sweet",Kenya
Kenya - Gichatha-ini AA #001,"Sl34, Sl28, K7, Ruiru 11","Berry, Rasp Berry, Nectarine, Stone Fruit",Kenya
"Kevote AA - Kenya, washed","Sl28, Ruiru 11, Batian, & Sl34","Citrus, Peach, Stone Fruit",Kenya
Valle de Cauca/Cafe Granja-La Esperanza-Potosi （2024crop）,Cgle-17,"Cran Berry, Prune, Floral, Dried Fruit, Fermented, Berry, Chocolate, Cocoa, Spice",Colombia
Eastern highlands/Baroida-Morita,Arusha,"Nut, Praline, Grape, Chocolate, Caramel",Papua New Guinea
Kirinyaga/Kii AA（2024crop）,"Sl28,Sl34,Ruiru11","Plum, Brown Sugar, Grape Fruit, Caramel, Citrus, Sweet, Stone Fruit",Kenya
Kirinyaga/Kiaragana AA（2024crop）,"Sl28,Sl34,Ruiru11,Batian","Cran Berry, Floral, Berry, Brown Sugar, Caramel, Rasp Berry, Sweet",Kenya
"Arbegona, Sidama/Duwancho（2024crop）",74148,"Rose, Tropical Fruit, Guava, Floral, Mango, Stone Fruit",Ethiopia
Ethiopia Gesha Village - Illubabor Forest Honey - 250g,Illubabor Forest,"Lavender, Floral, Apricot, Herb, Sage, Sweet, Stone Fruit",Ethiopia
HONDURAS | Nahun & Javier Fernandez | Pacas & Catuai | Honey,Pacas & Catuai,"Brown Sugar, Vanilla, Grape Fruit, Caramel, Citrus, Sweet",Honduras
TANZANIA TEMBO TEMBO,Kent,"Cream, Butter, Earthy, Herb",Tanzania
Finca Milan – WBC World Champion Runner Up 2023,"Caturra, Geisha","Tropical Fruit, Peach, Water Melon, Floral, Orange, Citrus, Stone Fruit",Colombia
Pearl,Mondo Novo,Chocolate,Brazil
Granja – CGLE17,Cgle,"Tropical Fruit, Matcha, Floral, Jasmine, Orange, Citrus, Tea",Colombia
Ethiopia Adnan Natural Special Prep Espresso - Single Origin,Jarc 74148,"Dried Fruit, Berry, Chocolate, Cocoa, Herb, Raisin",Ethiopia
Miraflores,"Pacas, Catuai, Catimor","Nut, Lime, Red Grape, Spice, Citrus, Sweet",Honduras
Ribang Gayo Natural,"Abyssinia, Ateng, Gayo 1","Tropical Fruit, Peach, Berry, Rasp Berry, Apple, Stone Fruit",Indonesia
Brazil Sítio Forno Grande,Red And Yellow Catuaí,"Lime, Sugar, Lemon, Honey, Caramel, Citrus, Sweet",Brazil
El Salvador La Cumbre,Harrar,"Tropical Fruit, Peach, Dried Fruit, Lemon, Citrus, Sweet, Stone Fruit",El Salvador
Chelchele,Landrace 74112,"Tropical Fruit, Black Berry, Guava, Fermented, Berry",Ethiopia
El Bocadillo,"Sidra, Geisha, Tabi",Sweet,Colombia
"Gamaliel Rios Ortiz, Mexico",Peñasco,"Tropical Fruit, Vanilla, Spice, Caramel, Apple, Sweet",Mexico
Tanzania - Korongo FW AB,"Blue Mountain , Bourbon, Sl28, Typica","Nut, Dried Fruit, Date, Marzipan, Chocolate, Cocoa, Sweet",Tanzania
Colombia | Inmaculada,Castillo & Pink Bourbon,"Tropical Fruit, Water Melon, Straw Berry, Berry, Chocolate, Cocoa Nib, Cherry, Candy, Caramel, Sweet",Colombia
Aquiares Anaerobic Natural,Mariana,"Wine, Fermented, Berry, Chocolate, Cocoa Nib, Cherry, Sweet",Costa Rica
Guatemala Francisco Martínez,Latin American Blend,"Tropical Fruit, Floral, Grape, Orange, Citrus",Guatemala
Ethiopia Chelchele,"74110, 74112, Dega, Kudhume","Sugar, Floral, Jasmine, Blue Berry, Berry, Acid, Tea, Sweet",Ethiopia
Kenya Kiamagumo,"Sl28, Batain, Ruiru 11","Wine, Dried Fruit, Fermented, Plum, Raisin, Stone Fruit",Kenya
Santa Clara,Borboncito,"Tropical Fruit, Dark Chocolate, Black Berry, Dried Fruit, Fermented, Berry, Chocolate, Orange, Citrus",Guatemala
Yaye,"Jarc Varieties 74110, 74158","Floral, Grape, Berry, Cherry, Citrus",Ethiopia
El Salvador | La Siberia | SL-34 | Anaerobic Washed,Sl-34,"Nectarine, Vegetal, Lemon, Herb, Vanilla, Grape Fruit, Citrus, Sweet, Stone Fruit",El Salvador
Kenya Peaberry,"Sl28, Sl34, Ruiru11, Batian, K10","Chocolate, Cinnamon, Brown Sugar, Caramel, Sweet, Spice",Kenya
Guatemala | Jhony Rodriguez Espresso,Yellow Catuai & Pache San Ramon,"Nut, Nougat, Sweet Cream, Plum, Chocolate, Stone Fruit",Guatemala
Ticuna EL ESQUILINO FIELD BLEND - LACTO-FERMENTED & WASHED Colombia,"Gesha, Typica, Caturron, Striped Bourbon, Yellow Bourbon","Blue Berry, Berry, Herb, Jam, Grape Fruit, Citrus, Sweet",Colombia
"Honduras Alberto & Roberto Portillo, Washed Parainema & Gesha",Parainema & Gesha,"Tropical Fruit, Tamarind, Citrus, Sweet, Stone Fruit",Honduras
KENYA GETUYA BY MWIRUA FARMERS COOPERATIVE SOCIETY,"Ruiru 11, Sl28, Batian","Tropical Fruit, Currant, Berry, Mango, Stone Fruit",Kenya
Boreta Daye Bensa,"Ethiopian Heirlooms, 74158","Nectarine, Sweet Cream, Bergamot, Citrus, Stone Fruit",Ethiopia
Rumudamo Daye Bensa,"Ethiopian Heirlooms, 74112","Rose, Floral, Berry, Apricot, Herb, Jam, Sweet, Earthy, Stone Fruit",Ethiopia
SET: ABYSSINIA Indonesia,Abyssinia,"Tropical Fruit, Sweet Cream, Apple",Indonesia
SET: S-795/KARTIKA Indonesia,"S795, Kartika","Cran Berry, Dried Fruit, Cookie, Sweet, Berry, Raisin",Indonesia
"Ethiopia, Okoluu - Espresso","Ethiopian Heirlooms, Jarc Varieties","Nut, Dried Fruit, Straw Berry, Date, Berry, Spice, Sweet",Ethiopia
Kenya Rung’eto Kiangoi,"Sl34, Sl28 And Batian","Currant, Fermented, Rhubarb, Vegetal, Berry, Tomato, Acid",Kenya
"Santos Pablo, Guatemala","Caturra, Pache Verde","Nectarine, Clove, Sweet, Spice, Honey, Tea, Stone Fruit",Guatemala
"Laayyoo - Natural Heirloom - Guji, Ethiopia",Ethiopia 74158,"Tropical Fruit, Sugar, Passion Fruit, Berry, Herb, Acid, Orange, Citrus, Sweet",Ethiopia
ROSADO Colombia — Finca El Jaragual,Pink Bourbon Rosado,"Tropical Fruit, Sweet Cream, Passion Fruit",Colombia
Buncho,"Ethiopian Landraces, 74158","Nectarine, Berry, Cherry, Honey, Sweet, Stone Fruit",Ethiopia
Guatemala - Francisco Morales | Natural,"Caturra, Catuai, Bourbon, Pache","Tropical Fruit, Pear, Chocolate, Banana, Cherry, Citrus",Guatemala
Pillcocaja - Ecuador - Dehydrated Pacamara,Dehydrated Pacamara,"Straw Berry, Berry, Herb, Sweet, Stone Fruit",Ecuador
SUBSTANCE Espresso,"Caturra, Colombia, Castillo, Red Bourbon","Tropical Fruit, Citrus, Apple, Mango, Stone Fruit",Unknown
"Buku Abel - Guji, Ethiopia","Kurume, Dega, 74158","Straw Berry, Plum, Berry, Bergamot, Citrus, Stone Fruit",Ethiopia
"Colombia Anibal Rodriguez, Washed Castillo Tambo",Castillo Tambo,"Nut, Dried Fruit, Cashew, Chocolate, Berry, Cherry, Malt",Colombia
Ibonia Estate AA SEPARATION FIELD BLEND - WASHED Kenya,"Sl28, Sl34, & Ruiru 11","Berry, Rose, Floral",Kenya
Orchard Thief • Seasonal Blend • Peche Peach,"Castillo, Caturra, Bourbon","Peach, Dried Fruit, Berry, Vanilla, Sweet, Stone Fruit",Unknown
COLOMBIA | Rio Bamisa | Caturrón | Natural,Caturron,"Black Berry, Tropical Fruit, Plum, Berry, Melon, Stone Fruit",Colombia
Mexico Alfonso Gómez López,"Costa Rica 95, Bourbon, Caturra, Typica","Fig, Plum, Vanilla, Sweet, Stone Fruit",Mexico
Mexico Rafael Solis Gálves,"Typica, Yellow Bourbon","Black Berry, Sweet Cream, Dried Fruit, Berry, Bread, Raisin",Mexico
Juana Jimenez / Washed / Guatemala / 250g,"Catuai, Caturra, Bourbon, Pacha","Tropical Fruit, Citrus, Berry, Chocolate, Cocoa, Rasp Berry, Blood Orange",Guatemala
Ethiopia Yukro Washed Espresso - Single Origin,"Jarc 74110, 74112","Lemon, Berry, Herb, Citrus, Tea, Stone Fruit",Ethiopia
Thailand - Ma Family | Anaerobic Natural Process - 250g,Yellow Catimor,"Tropical Fruit, Guava, Floral, Plum, Chamomile, Orange, Citrus, Mango, Stone Fruit",Thailand
Tuke Yute,"74,158","Tropical Fruit, Peach, Straw Berry, Berry, Banana, Sweet, Stone Fruit",Ethiopia
Tumba Washed • Rwanda • Washed Jackson Bourbon,Jackson Bourbon,"Licorice, Dried Fruit, Sweet, Berry, Chocolate, Cocoa, Herb, Cherry, Tea",Rwanda
Honduras Cabañas Natural 400g (200g×2),"Catuai, Ihcafe 90, Pacas","Tropical Fruit, Cream, Prune, Dried Fruit, Fermented, Grape, Chocolate, Apricot, Berry, Cherry, Bran, Caramel, Mango, Spice, Stone Fruit",Honduras
Santa Clara - Decaf,"Bourbon, Caturra, Villa Sarchi","Chocolate, Red Apple, Spice, Caramel, Sweet",Guatemala
La Severa Espresso,"Anacafe 14, Caturra, Pache, Sarchimor","Tropical Fruit, Dark Chocolate, Orange, Chocolate, Caramel, Citrus",Guatemala
Brazil Fazenda Guariroba CMH,Yellow Topazío,"Fermented, Ginger, Chocolate, Cocoa, Red Apple, Spice, Herb, Caramel, Ale",Brazil
Indonesia Frinsa Sarapan#2,Sigarar Utang,"Lime, Fig, Pear, Citrus, Apple, Tea",Indonesia
"Aquiares Estate Marianna, Costa Rica",Iapar Ethiopian,"Floral, Fermented, Grape, Berry, Red Apple, Spice, Tea",Costa Rica
Kenya / Key AA,"Sl34, Sl28, Ruiru11","Tropical Fruit, Green Apple, Lemon, Candy, Orange, Citrus, Sweet",Kenya
Rwanda / Bajiro Natural,Bourbon Refining,"Wine, Fermented, Berry, Milk Chocolate, Cream, Rasp Berry",Rwanda
KENYA Coffea Circulor Ouragan Isolated Batian AA Washed WX,"Isolated, Batian, Aa-Grade","Toffee, Plum, Grape Fruit, Caramel, Citrus, Stone Fruit",Kenya
Sipi Falls,"Sl28, Sl14, Blue Mountain","Nut, Nougat, Sweet Cream, Straw Berry, Plum, Blue Berry, Berry, Stone Fruit",Uganda
UGANDA | Gamatui | SL34 & Bourbon | Natural,Sl34 & Bourbon,"Sweet Cream, Straw Berry, Grape, Berry",Uganda
COLOMBIA | EA Decaf de Caña - Asociación Los Naranjos | Caturra & Castillo | Washed,Caturra & Castillo,"Nut, Nougat, Sweet Cream, Apricot, Brown Sugar, Caramel, Stone Fruit",Colombia
COLOMBIA PEACH HONEY CO-FERMENT,"Castillo, Caturra, Colombia.","Tropical Fruit, Peach, Lychee, Chocolate, Acid, Stone Fruit",Colombia
"Pulcal Medium, Guatemala","Bourbon Tekisic, Caturra","Dark Chocolate, Chocolate, Spice, Citrus, Apple, Sweet",Guatemala
Gundikhan Estate,Chandragiri Sarchimor,"Tropical Fruit, Tamarind, Clove, Chocolate, Spice, Citrus",India
San Miguel,"Caturra, Bourbon, And Catuaí","Dried Fruit, Berry, Vanilla, Cherry, Sweet, Spice",Guatemala
Ethiopia Yirgachefe Gersi Washed,"74112, 74110","Floral, Jasmine, Chamomile, Citrus, Tea",Ethiopia
El Salvador - La Cabaña Espresso,Mixed Bourbon,"Nut, Floral, Cashew, Apricot, Honey, Sweet, Stone Fruit",El Salvador
Lemon & Currants,"Sl28, Sl34, Batian And Ruiru 11","Lemon, Berry, Citrus, Currant",Kenya
"Colombia Santuario, Aji(Heirloom) - Washed",Aji Heirloom,"Lime, Basil, Vegetal, Herb, Grape Fruit, Citrus",Colombia
7th Anniversary Blend,"Geisha, 74158","Rose, Floral, Jasmine, Fermented, Berry, Tea",Colombia
Hugo Pareja [Gesha Lavé],Gesha Inca,"Tropical Fruit, Citrus, Mango, Stone Fruit",Peru
Ethiopia Idido,"Kurume, Daga, Wolisho","Nectarine, Floral, Lemon, Citrus, Stone Fruit",Ethiopia
Chelbesa - Ethiopia,"Ethiopian Landraces, Korume And Wolisho","Lime, Nectarine, Fermented, Cream, Acid, Citrus, Stone Fruit",Ethiopia
Jabanto – Natural Sundried,"Kurume, Dega, Wolisho And Jarc Cbd Resistant Coffee Varieties","Floral, Blue Berry, Chocolate, Berry, Honey, Sweet",Ethiopia
Finca La Victoria,"Catuaí, Caturra, Bourbon","Nut, Red Apple, Vanilla, Spice, Sweet",Nicaragua
"Honduras, Jerusalén","Red Catuai, Typica","Green Apple, Sugar, Straw Berry, Berry, Sweet",Honduras
"Honduras, Jazmin",Catuai & Bourbon,"Nut, Dried Fruit, Chocolate, Red Apple, Raisin",Honduras
Banko Gotiti,"Welisho, Dega","Sweet Cream, Blue Berry, Berry, Rasp Berry",Ethiopia
COLOMBIA | Gaitania | Caturra & Typica | Washed,Caturra & Typica,"Nut, Nougat, Sweet Cream, Milk Chocolate, Stone Fruit",Colombia
Siempre Verde La Esperanza - Ecuador,"Typica Mejorado, Red Caturra","Tropical Fruit, Orange, Toffee, Caramel, Citrus, Apple",Ecuador
CHINA Yunnan YUAN YI YUAN Yeast Fermentation Honey,Catimor P4 7963,"Tropical Fruit, Wine, Peach, Floral, Lychee, Jasmine, Fermented, Sweet, Apple, Tea, Stone Fruit",China
Las Perlitas 3.0,"Pink Bourbon, Caturra","Currant, Floral, Fermented, Berry, Sweet",Colombia
GUATEMALA YONNY MARTINEZ,"San Ramón, Costa Rica, Pacamara, Catuaí","Tropical Fruit, Sweet Cream, Marsh Mallow, Herb, Orange, Citrus",Guatemala
"Miravalles Sampacho, El Salvador",Sampacho,"Nut, Sugar, Hazel Nut, Spice, Honey, Apple, Sweet",El Salvador
ASOPROAAA Black Honey,Catuai And Caturra,"Cream, Toffee, Berry, Milk Chocolate, Cherry, Caramel",Costa Rica
Ethiopia - Dhilgee Chelbesa ORGANIC,"Kurume, Dega","Grape Fruit, Lychee, Tropical Fruit, Citrus",Ethiopia
Juana Gaspar,"Caturra, Bourbon, Pache Verde","Dried Fruit, Plum, Citrus, Raisin, Stone Fruit",Guatemala
Takesi Peaberry,Geisha Peaberry,"Tropical Fruit, Elder Flower, Floral, Bergamot, Grape, Citrus, Sweet",Bolivia
Parcelles - Kenya,French Mission,"Tobacco, Herb, Brown Sugar, Caramel, Sweet, Earthy",Kenya
Parcelles - El Salvador,"Pacamara, Bourbon, Harrar, Sl28","Milk Chocolate, Cream, Spice",El Salvador
Parcelles - Ecuador,"Typica, Sidra","Stone Fruit, Citrus, Floral",Ecuador
Coffee Boa Vista,Red Cautai,"Nut, Dried Fruit, Fermented, Praline, Chocolate Truffle, Chocolate, Apricot, Caramel, Wal Nut, Stone Fruit",Brazil
Coffee El Cuto,"Pacas, Red Bourbon","Nut, Prune, Hazel Nut, Dried Fruit, Chocolate, Apricot, Vanilla, Sweet, Stone Fruit",El Salvador
Coffee La Familia Vasquez,"Caturra , Typica , Bourbon","Nectarine, Fermented, Jelly, Tea, Sweet, Stone Fruit",Mexico
Coffee Buenos Aires -...,"Pink Bourbon, Geisha","Chocolate, Tea",Colombia
Potosí Natural XO,San Juan,"Chocolate, Cocoa",Colombia
"Ecuador, Cruz Loma, Washed",Typica Mejorado / Sidra,"Cran Berry, Floral, Sweet Cream, Dried Fruit, Fermented, Berry, Apricot, Jam, Acid, Stone Fruit",Ecuador
Brazil Rancho Grande Anaerobic,"Topazio, Yellow Bourbon, Arara, Icatu Acaia, Rubi, Mundo Novo","Dark Chocolate, Berry, Chocolate, Cherry, Citrus",Brazil
Mexico Montserrat Alfaro Gordilo,"Bourbon, Costa Rica, Marsellesa","Nut, Prune, Floral, Dried Fruit, Chamomile, Spice, Wal Nut, Anise",Mexico
Double Down Blend,"Bourbon, Pluma, Cataui","Nut, Nougat, Sweet Cream, Chocolate",Mexico & Costa Rica
"Cascara, Las Lajas, Costa Rica","Caturra, Catuaí","Rose, Tropical Fruit, Water Melon, Floral, Dried Fruit, Berry, Cherry, Apple, Sweet",Costa Rica
"Konka, Washed Anaerobic, Los Pirineos, El Salvador",Konka,"Lime, Peach, Floral, Sweet Cream, Jasmine, Bergamot, Berry, Honey, Citrus, Tea, Stone Fruit",El Salvador
"Catuai, & Typica, Washed - Las Mataras, Honduras","Catuai, & Typica","Sweet, Lemon, Chocolate, Berry, Vanilla, Citrus, Tea",Honduras
"Chelbesa Grade 1 - Ethiopia, washed",Korume & Wolisho,"Grape, Black Berry, Sweet, Berry",Ethiopia
Kenya | Kiamagumo AB,"Sl28, Sl34, Ruiru 11 And Batian","Rose, Currant, Floral, Plum, Berry, Stone Fruit",Kenya
"Costa Rica Tarraz Hacienda Copey ""Villalobos"" | 150g",Villalobos,"Chocolate, Caramel, Fermented, Berry",Costa Rica
Indonesia East Java Ijen Lestari 2023 COE No.1 | 50g,"Usda 762, Kartika","Pomegranate, Sweet Cream, Red Apple, Spice",Indonesia
Sundrop Espresso,Paraiso,"Nut, Pea Nut, Sweet Cream, Straw Berry, Toffee, Berry, Butter, Jam, Caramel",Brazil
Vietnam - Lâm Dông,Tr4 & Tr9,"Sweet Cream, Chocolate, White Grape, Vanilla",Vietnam
Guatemala Melanie Herrera Moreira,"Bourbon, Catuai, Pache","Tropical Fruit, Sweet Cream, Milk Chocolate, Orange, Citrus",Guatemala
Las Perlitas,"Pink Bourbon, Caturra, Gesha","Tropical Fruit, Berry, Cherry, Mango, Stone Fruit",Colombia
Dark Choc & Stonefruit,"Caturra, Catuai, Pache, And Bourbon","Chocolate, Dark Chocolate, Stone Fruit",Peru
Kenya AA Kiri Kirinyaga 250g,"Batian, Sl34, Sl28, Ruiru 11","Berry, Rasp Berry, Red Grape, Currant",Kenya
Colombia Aponte Honey Decaf,"Caturra, Variedad Colombia","Tropical Fruit, Apple, Guava, Coconut",Colombia
Sumatra Aceh,Gayo Iii,"Green Apple, Tea, Sweet, Berry",Ethiopia
Uganda Sipi Falls,"Sl14, Sl28, Blue Mountain","Tropical Fruit, Mul Berry, Fermented, Berry, Melon, Spice, Sweet",Uganda
"Tade Espresso, Ethiopia","Welicho, Kurume","Dried Fruit, Citrus, Sweet, Floral",Ethiopia
Peru - Sanchez,"Red Bourbon, Yellow Typica, Pache","Dried Fruit, Plum, Caramel, Sweet, Stone Fruit",Peru
Colombia - La Orquidea,"Colombia, Caturra, Pink Bourbon Og Tabi","Plum, Chocolate, Berry, Cherry, Sweet, Stone Fruit",Colombia
"Rukun Saudara - Cup of Excellence, Indonesia","Sigararutang, Andungsari","Tropical Fruit, Wine, Sugar, Fermented, Sweet",Indonesia
"Summer Coffee - Cachoeira da Grama, Brazil",Red/Yellow Bourbon And Red/Yellow Catuai,"Berry, Chocolate, Sweet",Brazil
Espana,Castillo & Bourbon,"Tropical Fruit, Sweet Cream, Caramel, Blue Berry, Berry, Butter, Orange, Citrus",El Salvador
Fontana,"Yellow Catuai, Mundo Novo, Obata, Yellow Bourbon","Nut, Sweet Cream, Dried Fruit, Berry, Apricot, Milk Chocolate, Raisin, Stone Fruit",Brazil
Ngula Natural,"Typica, Red Bourbon","Fig, Sweet Cream, Lemon, Berry, Herb, Grape Fruit, Citrus, Earthy",Democratic Republic Of The Congo
Sironko,"Sl14, Sl28, Catimor","Dark Chocolate, Sweet Cream, Fermented, Rum, Berry, Chocolate, Cherry, Tea, Spice",Uganda
Keramo Natural,"74158, 74100 And Setami","Tropical Fruit, Sweet Cream, Fermented, Straw Berry, Passion Fruit, Rum, Berry, Tea, Spice",Ethiopia
El Sopapo,Typica And Caturra,"Nut, Berry, Caramel, Nutmeg, Sweet",Bolivia
Bant Sawk,"S765, Catimor, Caturra, Catuai, Bourbon","Tropical Fruit, Orange, Sweet Cream, Fermented, Toffee, Caramel, Berry, Banana, Liqueur, Citrus",Myanmar
Churupampa,"Typica, Caturra And Pache","Tangerine, Nut, Tropical Fruit, Dark Chocolate, Sweet Cream, Berry, Chocolate, Caramel, Citrus, Apple",Peru
PERU CAJAMARCA BY REGIONAL SMALLHOLDER FARMERS,Bourbon & Catuai,"Apple, Sweet, Maple Syrup",Peru
"Warmikuna, Ecuador","Bourbon, Catimor","Pie, Nut, Prune, Licorice, Dried Fruit, Sweet Cream, Pecan, Herb",Ecuador
"Taita, Colombia","Castillo, Colombia, Caturra, Geisha","Jelly, Apple, Sweet, Rum",Colombia
"Ouro Verde Super Sweet Slow Dried, Brazil","Red Catuai, Yellow Catuai","Floral, Berry, Chamomile, Honey, Tea, Sweet",Brazil
216 Indonesia Mandheling,"Ateng, Timtim","Dark Chocolate, Sweet Cream, Chocolate, Herb, Apple, Earthy",Indonesia
"El Guamito, Colombia, Washed",Castillo And Colombia,"Tropical Fruit, Orange, Peach, Caramel, Citrus, Stone Fruit",Colombia
Telila,Ethiopian Landraces - Predominantly 74112,"Tropical Fruit, Sweet Cream, Citrus, Mango, Stone Fruit",Ethiopia
"ICON 36 – Centroamericano, Black Honey",Centroamericano H1,"Dark Chocolate, Fermented, Plum, Berry, Chocolate, Honey, Rasp Berry, Sweet, Stone Fruit",Costa Rica
"Finca Chejoj | Washed Maragogype, Bourbon, Caturra","Maragogype, Bourbon, Caturra","Peach, Pear, Vanilla, Sweet, Stone Fruit",Guatemala
Ethiopia Reko,"Ethiopian Heirlooms, Kurume","Tropical Fruit, Floral, Lemon, Honey, Orange, Citrus, Tea, Sweet",Ethiopia
Colombia Pastor Olcunche,"Tabi, Colombia","Tropical Fruit, Dark Chocolate, Lemon, Chocolate, Vanilla, Apple, Sweet",Colombia
Colombia Rafael Medina,"Colombia, Tabi","Tropical Fruit, Berry, Jam, Cherry, Orange, Citrus, Sweet, Spice",Colombia
Mexico Veracruz Xico,"Typica, Cr-95, Sarchimor","Nut, Fig, Dried Fruit, Almond, Caramel, Sweet",Mexico
Indonesia Mandheling Pollung Wet Hulled Light Roast,"Aten, Timtim","Tropical Fruit, Wood, Fermented, Berry, Cedar, Orange, Citrus, Sweet, Earthy",Indonesia
Ethiopia | Chelbesa,"Korume And Wolisho, Ethiopian Heirlooms","Tropical Fruit, Lime, Peach, Water Melon, Floral, Lemon, Berry, Cherry, Citrus, Tea, Stone Fruit",Ethiopia
Night Owl | Dark Blend,"Bourbon, Caturra, Catuai, Parainema","Sweet Cream, Chocolate, Tobacco, Herb, Caramel, Earthy",Colombia
"Ecuador, Ximena Leon Sidra & Typica",Sidra & Typica Mejorado,"Grape, Floral",Ecuador
UMALILA - Tanzania Specialty Coffee,"Kent, N39","Tropical Fruit, Lime, Citrus, Clove, Berry, Cream, Rasp Berry, Spice",Tanzania
El Salvador Los Alpes 8oz Whole Beans,"Bourbon, Typica, Etc","Peach, Floral, Sweet Cream, Fermented, Honey, Stone Fruit",El Salvador
Brazil Espirito Santo | Marcos Tomazini Pulped Natural (Single Origin Espresso),Yellow And Red Catuai,"Sugar, Nectarine, Dried Fruit, Raisin, Sweet, Stone Fruit",Brazil
Colombia Excelso Carambolo | Thermal shock washed (Single Origin Espresso),Tabi & Yellow Colombia,"Tropical Fruit, Lime, Citrus, Berry, Coconut, Rasp Berry",Colombia
Guatemala La Joya,"Parainema, Sarchimor","Dried Fruit, Berry, Chocolate, Apricot, Raisin, Stone Fruit",Guatemala
Kongo: Amka,Blue Mountain K3,"Lavender, Floral, Toffee, Caramel, Citrus, Apple",Democratic Republic Of The Congo
Brazil: Daterra Solstice,"Paraiso, Bourbon","Nut, White Chocolate, Almond, Chocolate, Citrus",Brazil
Honduras: Abeja Honey,"Catuai, Caturra, Icatu","Nut, Fermented, Marzipan, Rum, Apricot, Spice, Sweet, Stone Fruit",Honduras
Etiopien: Beloya,"Dega, Kurume, Wolisho","Tropical Fruit, Floral, Passion Fruit, Orange, Citrus",Ethiopia
Kenya: Acacias AA,"Bourbon, Kent, Sl28, Sl34","Rose, Lime, Floral, Rhubarb, Vegetal, Acid, Citrus, Sweet",Kenya
Nicaragua: Morenitas,"Caturra, Marsellesa","Tropical Fruit, Fig, Sweet, Vanilla, Citrus, Mango, Stone Fruit",Nicaragua
Colombia Los Ocobos | Ibague Tolima washed (Single Origin Espresso),"Caturra, Colombia, Castilo","Green Apple, Sugar, Currant, Berry, Caramel, Sweet",Colombia
MIXED ''Floral'' 100g.,"Ethiopian Heirlooms, Caturra","Lavender, Lime, Peach, Floral, Citrus, Berry, Rasp Berry, Tea, Stone Fruit",Ethiopia
Vanta,"Colombia, Caturra, Castillo, Catuai","Nut, Dark Chocolate, Roasted, Hazel Nut, Toffee, Milk Chocolate, Red Apple, Cream, Caramel",Colombia
"La Fortuna, Caturra & Bourbon, Natural, Peru",Caturra Bourbon,"Tropical Fruit, Guava, Cream, Tea, Mango, Stone Fruit",Peru
"Finca El Salado, Caturra & Tabi, Washed, Colombia","Caturra, Tabi","Black Berry, Tropical Fruit, Lychee, Berry, Apricot, Honey, Sweet, Stone Fruit",Colombia
Takesi Segundo,Geisha 2Nd Grade,"Peach, Bergamot, Citrus, Sweet, Stone Fruit",Bolivia
Kenya Karagoto AB,"Ruiru 11, Sl28, Sl34, Batian","Tropical Fruit, Citrus, Sweet Cream, Berry, Rasp Berry",Kenya
PANAMA GUARUMO BoP 4th PRIZE,Chicho Gallo,"Nut, Tropical Fruit, Floral, Sweet Cream, Dried Fruit, Chamomile, Caramel, Mango, Stone Fruit",Panama
PANAMA Longboard Geisha Misty Mountain /21 Natural NX,"Geisha, Green Tip","Tangerine, Tropical Fruit, Cran Berry, Berry, Grape Fruit, Citrus",Panama
Kenya Nyeri Igutha AB,"Sl28, Sl34, Ruiri 11","Green Grape, Floral, Citrus, Tea, Stone Fruit",Kenya
Brazil Cerrado Mineiro Natural,Catuai + Mundo Novo,"Dark Chocolate, Chocolate, Spice, Honey, Apple, Sweet",Brazil
Kenya Gatina AA,"Sl28, Sl34, Ruiri, Batian","Tropical Fruit, Apricot, Grape Fruit, Citrus, Mango, Stone Fruit",Kenya
EAST TIMOR Asico,Hybrid Timor,"Nut, Dark Chocolate, Toffee, Chocolate, Red Grape, Caramel, Wal Nut, Citrus",Timor Leste
INDONESIA Kerinci Mountain Mandheling Direct Fire Roasting,"Sigarar Utang, Ateng, Andungsari","Dark Chocolate, Tropical Fruit, Sweet Cream, Milk Chocolate, Herb, Caramel, Orange, Citrus, Butter Milk",Indonesia
"Honduras, Marcala Lenca",Icatu & Obata,"Nut, Sweet Cream, Milk Chocolate, Caramel",Honduras
Donna Blend,Savara,"Nut, Dark Chocolate, Wal Nut, Chocolate, Caramel",Brazil
"Colombia, Jardines Del Eden, Wush Wush",Orange Striped Wush Wush,"Floral, Elder Flower, Straw Berry, Vegetal, Lemon, Berry, Herb, Citrus, Sweet",Colombia
Espresso - Mexique - Indii,Bourbon & Typica,"Nut, Dried Fruit, Praline, Berry, Cherry, Caramel, Raisin",Mexico
Kaffebønner 1kg Kenya Thimu AA,"Sl28, Sl34 & Ruiru 11, Batian","Black Berry, Currant, Berry, Jam, Brown Sugar, Caramel, Sweet",Kenya
Kaffebønner 1kg Peru Damian Espinoza,Gul Caturra,"Rose, Floral, Milk Chocolate, Red Apple, Cream",Peru
Kaffebønner 1kg Sommerkaffe,"Sl28, Sl34 & Ruiru 11","Currant, Ginger, Berry, Cherry, Sweet, Spice",Kenya
Finca Takesi Gesha Screen Size 15+,Gesha Screen Size 15+,"Floral, Jasmine, Lemon, Berry, Citrus, Tea",Bolivia
Finca Takesi Gesha Screen Size 13+14,Gesha Screen Size 13+14,"Tropical Fruit, Peach, Sugar, Floral, Orange, Citrus, Sweet, Stone Fruit",Bolivia
Decaf,"Colombia, Caturra, Typica","Tropical Fruit, Dried Fruit, Chocolate, Banana, Cocoa, Raisin",Colombia
LIMITED | EL SALVADOR | Los Bellotos | Bernardina | Anaerobic Honey Sunset,Bernardina,"Tropical Fruit, Floral, Jasmine, Mango, Tea, Stone Fruit",El Salvador
Mike Mamo Yukro Washed JARC 74112 & 74110 - Ethiopia,Jarc 74112 & 74110,"Vegetal, Lemon, Apricot, Herb, Citrus, Stone Fruit",Ethiopia
Mexico San Cristóbal,"Marsellesa, Costa Rica, Typica, Caturra","Floral, Toffee, Apricot, Caramel, Apple, Stone Fruit",Mexico
Buku Abel – JARC Landraces,"Jarc 74110, 74112 & 74158","Tropical Fruit, Citrus, Berry, Papaya, Rasp Berry, Blood Orange",Ethiopia
"Kiangoi - Kenya, Kirinyaga","Sl28, Batian","Peach, Berry, Rasp Berry, Tea, Stone Fruit",Kenya
Ethiopia - Worka Chelbesa G1,"Wolisho & Dega, Jarc","Peach, Butter, Cream, Tea, Stone Fruit",Ethiopia
Trenggiling | Indonesia,"Andung Sari, Ateng, Jember, Timtim, Typica","Mul Berry, Berry, Cedar, Spice, Earthy",Indonesia
Kenya Kutere AB,"K7, Sl28, Sl34, Ruiru11, Batian","Tropical Fruit, Currant, Plum, Blue Berry, Berry, Stone Fruit, Cherry, Acid, Citrus, Blood Orange",Kenya
Lauana (Natural) - Timor Leste - Medium Roast,"Hibrido De Timor, Typica","Berry, Sweet Cream, Straw Berry",Timor Leste
AA BARIKONGO / KENYA,"Sl28, Sl34, Ruiru 11, And Batia","Cherry, Berry, Tea, Currant",Kenya
Kochere,"Kurume, Dega, Welisho","Nectarine, Floral, Bergamot, Honey, Citrus, Sweet, Stone Fruit",Ethiopia
Peru Paltay Espresso,"Caturra, Typica, Catuai","Plum, Milk Chocolate, Red Apple, Cream, Stone Fruit",Peru
"Colombia, Cubillos - Espresso","Pink Bourbon, Sl28","Prune, Dried Fruit, Maple Syrup, Honey, Sweet",Colombia
"Colombia, La Muralla - Espresso","Caturra, Castillo, Pink Bourbon","Nectarine, Sweet Cream, Butter, Red Apple, Caramel, Stone Fruit",Colombia
"Peru, Puente Solaya - Espresso",Caturra And Pache,"Cream, Berry, Milk Chocolate, Cherry, Citrus",Peru
Elm Seasonal Decaf,"Caturra, Variedad Colombia, Tabi, Pacas","Cherry, Berry, Chocolate, Cocoa",Colombia
Flirt,"Catuaí, Ethiopian Heirlooms",Sweet Cream,Ethiopia
Era,Caturra And Catuaí,,Panama
Bonanza - Honduras,Lempira Catuaí,"Nut, Dark Chocolate, Roasted, Almond, Chocolate, Caramel",Honduras
Great Mandailing - Indonesia,"Ateng Super, Gayo 1","Dark Chocolate, Chocolate, Tobacco, Herb, Caramel, Earthy",Indonesia
Cereza - Panama,"Catuai, Pacamara","Cherry, Berry, Citrus",Panama
Mokita - Papua New Guinea,"Arusha, Typica","Floral, Blue Berry, Berry, Cherry, Tea",Papua New Guinea
Malolo - Papua New Guinea,"Typica, Arusha, Blue Mountain","Nut, Roasted, Hazel Nut, Maple Syrup, Brown Sugar, Caramel, Sweet",Papua New Guinea
Jorge Diaz Campos - Finca Colmena,"Caturra, Bourbon And Gesha","Berry, Black Berry, Apple, Sweet",Peru
San Mateo Yoloxochitlán,"Typica, Bourbon And Mundo Novo","Sweet Cream, Toffee, Milk Chocolate, Maple Syrup, Caramel, Apple",Mexico
Chaiprakarn Black Honey,"Catuai, Typica, And Local Chiang Mai","Plum, Chocolate, Cream, Malt, Caramel, Stone Fruit",Thailand
"Honduras Alex Aguilar, Honey Field Blend","Bourbon, Pacas, Ihcafe 90","Nut, Dried Fruit, Toffee, Almond, Caramel, Apple, Sweet",Honduras
"Honduras Peña Blanca ""The Middle""","Pacamara, Pacas, Ih90","Tropical Fruit, Prune, Sweet Cream, Dried Fruit, Cherry, Chocolate, Berry, Apricot, Mango, Brown Sugar, Honey, Caramel, Stone Fruit",Honduras
Jaya Tani Farm - Indonesia (Anaeorbic Natural),"Sigarar Utang, S795 And Andungsari","Sweet Cream, Fudge, Chocolate, White Grape",Indonesia
Colombia Antioquia Decaf,"Typica, Caturra, Castillo, Colombia","Nut, Roasted, Dried Fruit, Sweet Cream, Almond, Chocolate, Apple",Colombia
"Kamwangi AB, Kenya","Sl28, Sl34, Ruiru, Baitan","Floral, Straw Berry, Berry, Grape Fruit, Citrus",Kenya
Luis Aguirre,Caturra-Like Hybrid,"Cherry, Berry, Tropical Fruit",Colombia
Brazil Vinhal Lot 004 Natural Anaerobic Filter - Single Origin,"Topazio, Red Catuai, Icatu","Nut, Tropical Fruit, Roasted, Dried Fruit, Almond, Berry, Coconut, Rasp Berry",Brazil
Honduras Aracely Martinez Washed Espresso - Single Origin,"Lempira, Catimor","Nut, Sugar, Hazel Nut, Lemon, Herb, Acid, Citrus, Sweet",Honduras
Ethiopia Faysel Abdosh Karamo Natural Filter - Single Origin,"Jarc 74110, 74158","Blue Berry, Citrus, Floral, Berry",Ethiopia
Ethiopia Chelbesa Washed Espresso - Single Origin,"Dega, Wolisho, Ethiopian Landraces","Floral, Jasmine, Sweet, Vegetal, Lemon, Apricot, Herb, Citrus, Tea, Stone Fruit",Ethiopia
Kenya Kirimiri Peaberry Washed Espresso - Single Origin,"Sl34, Sl28, Ruiru 11","Currant, Vegetal, Lemon, Tomato, Berry, Herb, Cherry, Citrus",Kenya
Seasonal Espresso Blend,"Local Landraces Wolisho, Dega, Castillo, Caturra, Colombia, Tabi","Lemon, Grape Fruit, Citrus, Sweet, Stone Fruit",Colombia
Tanzania Kilimanjaro Peaberry,"Bourbon, Kents","Lemon, Chocolate, Cocoa, Caramel, Citrus, Sweet",Tanzania
Costa Rica Las Lajas Red Honey,"Caturra, Catuai & Villa Sarchi","Tropical Fruit, Green Apple, Peach, Straw Berry, Berry, Spice, Orange, Citrus, Sweet, Stone Fruit",Costa Rica
"Indonesia Sumatra, Organic & Fair Trade","Catimor, Timtim","Nut, Cream, Berry, Cinnamon, Cherry, Spice",Indonesia
"Peru Las Damas, Organic & Fair Trade","Catimor, Caturra, Mundo Novo, Typica","Tangerine, Tropical Fruit, Dark Chocolate, Chocolate, Caramel, Citrus",Peru
Hawaii Kona Extra Fancy,Kona Typica,"Green Apple, Floral, Brown Sugar, Honey, Caramel, Sweet",Hawaii
Brazil Cup of Excellence #3 Natural [Score 90.06],Catucaí 2Sl,"Tropical Fruit, Dark Chocolate, Floral, Chocolate, Grape, Acid, Tea",Brazil
"Haji Iyan, Java 250g",Old Typica & Ateng Types,"Tropical Fruit, Sugar, Dried Fruit, Sweet, Raisin, Caramel, Orange, Citrus, Tea",Indonesia
ETHIOPIA GESHA VILLAGE SHEWA JIBABU AUCTION LOT INV. #4,Gori Geisha,"Rose, Tropical Fruit, Elder Flower, Floral, Melon, Herb, Mango, Earthy, Stone Fruit",Ethiopia
Gamatui Natural - 48hr Anaerobic,Sl Varieties,"Sweet Cream, Fermented, Rum, Grape, Spice, Jelly, Caramel",Uganda
Familia Vergara - Thermal Shock Natural,"Chiroso, Red Bourbon, Sidra","Peach, Straw Berry, Berry, Herb, Candy, Sweet, Stone Fruit",Colombia
Tutti Frutti Blend - Colombia,"Various, Pink Bourbon, Bourbon Aji","Tropical Fruit, Water Melon, Floral, Jasmine, Tea",Colombia
YEMEN Almaa Anaerobic 120h Natural NAX,Jaadi,"Cotton Candy, Nut, Sweet, Almond",Yemen
Colombia | Daniel Ortega Espresso,Pink Bourbon & Tabi,"Nut, Citrus, Tea, Sweet",Colombia
India Pearl Mountain Estate 93pt,Cauvery,"Tropical Fruit, Cream, Custard, Mango, Stone Fruit",India
Guatemala Finca la Senda Hydro Natural - Ultra Light Profile,"Caturra, Bourbon, And Pacamara","Tropical Fruit, Floral, Vegetal, Lemon, Herb, Yuzu, Citrus",Guatemala
Papua New Guinea Jiwaka Arufa Natural,"Blue Mountain, Arusha, Mundo Novo, And Bourbon","Cream, Berry, Caramel, Graham",Papua New Guinea
BOLIVIA | Finca Roque | Red Catuai & Typica | Anaerobic Natural,Red Catuai & Typica,"Dried Fruit, Sweet, Berry, Rasp Berry, Tea",Bolivia
Brazil Edineia Pires Sartori Fioresi 7oz,Catucaí,"Plum, Berry, Cherry, Apple, Sweet, Spice, Stone Fruit",Brazil
Honduras La Pila,Lempira And Ihcafe 90,"Chocolate, Berry, Cherry, Apple, Sweet, Spice",Honduras
Kenya: Kiamugumo AB,"Ruiru 11, Sl 28 And Batian","Tropical Fruit, Currant, Berry, Stone Fruit, Apricot, Citrus, Blood Orange",Kenya
Juan Peña Anaerobic Reserve,Typica & B7,"Cider, Fermented, Rum, Cherry, Berry, Spice, Apple, Sweet",Ecuador
EL JARDÍN,"Catuaí, Pacas","Cherry, Chocolate, Berry",Honduras
Brazil Vinhal MK-12 Tropical Peaberry,Catucaí Peaberry,"Nut, Nougat, Sweet Cream, Pear, Red Grape, Citrus",Brazil
Ethiopia Keramo - natural,74112 & Ethiopian Heirlooms,"Blue Berry, Apple, Berry, Floral",Ethiopia
Java Papatong,"Typica, Sigarar Utang","Nut, Tropical Fruit, Berry, Papaya, Nutmeg, Tea",Indonesia
Familia Morales Rivera,"Sidra, Mejorado","Tropical Fruit, Citrus, Sweet, Floral",Ecuador
Honduras - Finca Mira Flores Lot 22,"Parainema, Obata","Tropical Fruit, Berry, Cherry, Caramel, Mango, Stone Fruit",Honduras
Honduras - Finca Cascaritas Lot 19,"Parainema, Catuai","Nut, Almond, Plum, Brown Sugar, Caramel, Apple, Sweet, Stone Fruit",Honduras
Paredes Collective,"Bourbon, Caturra, Pache","Berry, Caramel, Tea, Red Apple",Guatemala
"Colombia - Finca El Porvenir ""Caturra"" 250g",Caturra Mejorado,"Chocolate, Berry, Caramel, Dark Chocolate",Colombia
"Mexico Amatenango, Washed MWP Decaf","Typica, Bourbon, Garnica, Catuai","Spice, Chocolate, Nut, Almond",Mexico
"Sítio Pico do Boné, Catigua MG 2 - Natural Fermentation - Brazil",Catigua Mg 2,"Nut, Caramel, Citrus, Sweet",Brazil
Ruiru AA Washed,"Ruiru11, Sl28, Sl34","Peach, Currant, Floral, Berry, Honey, Sweet, Stone Fruit",Kenya
Ethiopia - Rumudamo,"Jarc 74112, 74110 And 74158","Rose, Straw Berry, Floral, Berry",Ethiopia
Ethiopia Guji Uraga Siko Natural,Dega & Kurume,"Nut, Straw Berry, Plum, Berry, Tea, Sweet, Stone Fruit",Ethiopia
250g Ethiopia Werka,"Ethiopian Landraces, Jarc Varieties","Nut, Green Apple, Nougat, Sweet Cream, Tea",Ethiopia
Clinton Ossa Arusi Heirloom Ethiopia,Arusi Ethiopian Heirlooms,"Tropical Fruit, Pear, Caramel, Mango, Stone Fruit",Colombia
Aracely Perez,Pache & Caturra,"Green Apple, Chocolate, Peach, Stone Fruit",Guatemala
"Las Perlitas Lot 4 - Colombia, washed","Pink Bourbon, Yellow Bourbon, Geisha, Caturra","Tropical Fruit, Peach, Grape, Orange, Citrus, Stone Fruit",Colombia
"Ecuador Sidra Galo Morales, Enthusiast Series","Sidra, Typica Mejorado","Tropical Fruit, Cream, Floral, Citrus, Berry, Cherry, Acid, Orange, Rasp Berry",Ecuador
Guatemala Tres Gigantes,"Red Caturra, Red Bourbon, Yellow Bourbon","Nut, Dried Fruit, Pecan, Brown Sugar, Caramel, Citrus, Sweet",Guatemala
"Las Delicias, Natural Java, Nicaragua",Java Longberry,"Tropical Fruit, Dried Fruit, Fermented, Fudge, Rum, Chocolate, Papaya, Cocoa, Spice, Raisin",Nicaragua
Colombia Lisandro Quilcue [Light roast],Variedad Colombia,"Nut, Tropical Fruit, Orange, Floral, Sweet, Apricot, Herb, Mint, Caramel, Citrus, Tea, Stone Fruit",Colombia
Ethiopia | Asrat Bube | Heirloom | Natural | Espresso | 250g,"Kurume, Ethiopian Heirlooms","Plum, Berry, Milk Chocolate, Cream, Stone Fruit",Ethiopia
Vista al Valle San Isidro 48 Yellow Honey,San Isidro 48,"Tropical Fruit, Plum, Jam, Apple, Sweet, Stone Fruit",Costa Rica
"Peru, Cruzpata, Washed",Geisha Rojo,"Dark Chocolate, Dried Fruit, Fermented, Date, Toffee, Blue Berry, Berry, Chocolate, Vanilla, Acid, Caramel, Sweet",Peru
Hacienda La Papaya [B7],B7,"Cherry, Honey, Tropical Fruit, Sweet",Ecuador
Scene Better Daze: Ethiopia - Bette Buna Megadu,"74112, 74110 & Enat Buna Megadu","Blue Berry, Lavender, Floral, Berry",Ethiopia
GathaithiKENYA,"Batian, Ruiru 11, Sl34, Sl28","Tropical Fruit, Currant, Berry, Apricot, Citrus, Stone Fruit",Kenya
ESPRESSO COSTA RICA ENTRE RIOS,Marseillaise And Obatá,"Chocolate, Caramel, Date, Dried Fruit",Costa Rica
Yembek Natural - Uganda,"Sl34, Sl14, Bourbon","Wine, Fermented, Red Grape, Honey, Sweet",Uganda
Sour Coffee 200g,Tekisic / Villa Sarchi / Marshell,"Pomegranate, Tropical Fruit, Lime, Passion Fruit, Berry, Blue Berry, Citrus",Peru
Sítio Capão,"Catucai, Catuaí","Tangerine, Nut, Tropical Fruit, Fermented, Almond, Toast, Milk Chocolate, Cream, Citrus",Brazil
São Benedito,Red & Yellow Catuaí,"Sweet Cream, Red Apple, Brown Sugar, Caramel",Brazil
"HondurasFinca Baide, Jeovany Baide",Pacas & Bourbon,"Tropical Fruit, Dark Chocolate, Pear, Chocolate, Citrus, Mango, Stone Fruit",Honduras
Honduras Las Nieblas,"Pacas, Catimor, Bourbon, Cataui, Parainema","Nectarine, Fermented, Berry, Citrus, Stone Fruit",Honduras
Insani AA,"Blue Mountain, Kilimanjaro, Bourbon, Luwiro","Fermented, Jam, Acid, Citrus, Burnt Sugar, Sweet",Tanzania
Kalsada Sitio Bellis,Garnica,"Tropical Fruit, Tamarind, Chocolate, Cream, Malt, Orange, Citrus, Spice",Philippines
Baroida Estate Natural,"Arusha , Bourbon, Mundo Novo, Typica","Pomegranate, Acid, Berry",Papua New Guinea
Colombia Pink Bourbon Lychee,Ethiopian Heirlooms / Pink Bourbon,"Tropical Fruit, Lime, Lychee, Orange, Citrus, Sweet",Colombia
"Veredas Vecinas, Colombia 250g","Typica, Caturra, Modern Hybrids","Tropical Fruit, Dried Fruit, Date, Sweet, Chocolate, Brown Sugar, Orange, Citrus, Caramel",Colombia
Finca Santa Elena,"Bourbon, Pacamara","Nut, Dried Fruit, Cashew, Berry, Chocolate, Cocoa, Cherry",El Salvador
Concepción Huista,"Caturra, Bourbon, Catuai, Pache","Sweet Cream, Berry, Cherry, Apple",Guatemala
Idido,"Kurume, Wolisho, Dega, 74110, 74112, 74165, Jarc Yirgacheffe Specialty Varieties","Tropical Fruit, Citrus, Melon, Floral",Ethiopia
Heart's Delight,"Obata, Red Bourbon, Caturra, Castillo","Nut, Cream, Nectarine, Almond, Plum, Berry, Milk Chocolate, Cherry, Caramel, Stone Fruit",El Salvador
Peru Rio Blanco,"Caturra, Mundo Novo, Pache, Catuai, Pache, Costa Rica, Typica, Catimor","Green Apple, Peach, Maple Syrup, Sweet, Stone Fruit",Peru
Ethiopia Wanja Kersa,"74112, Ethiopian Landraces","Tropical Fruit, Nectarine, Melon, Caramel, Stone Fruit",Ethiopia
Luis V. Hernandez - Colombia,Cattura & Colombia,"Lime, Straw Berry, Berry, Yogurt, Cream, Citrus",Colombia
"Colombia Risararda Pereira ""Apricot Punch"" | 100g",Castillo Caturra,"Tropical Fruit, Peach, Straw Berry, Berry, Mango, Papaya, Sweet, Stone Fruit",Colombia
Ethiopia - Guji Shakiso Mormora,Wolisho,"Tropical Fruit, Floral, Jasmine, Blue Berry, Berry, Orange, Citrus, Tea",Ethiopia
Brazil - Daterra Full Bloom | Natural,Catigua And Red Bourbon,"Nut, Peach, Hazel Nut, Straw Berry, Lemon, Berry, Caramel, Citrus, Sweet, Stone Fruit",Brazil
Kolumbie – Benjamin washed,"Caturra, Tabi, Typica","Berry, Citrus, Lime",Colombia
COLOMBIA Carmelo Bourbon Amarillo Natural NX,"Bourbon, Amarillo","Concord Grape, Berry, Apricot, Rasp Berry, Stone Fruit",Colombia
Edwin Rodriguez,"Pink Bourbon, Red Tabi","Lime, Toffee, Berry, Cherry, Caramel, Citrus",Colombia
Summer Solstice Blend,"Caturra, Catuai, Regional Bourbon Varieties","Currant, Plum, Berry, Cherry, Stone Fruit",Costa Rica
Peru El Romerillo,"Caturra, Catimor, Pache, Geisha","Black Berry, Cherry, Berry, Grape Fruit, Citrus",Peru
Moka Java Blend,"Moka, Java","Dark Chocolate, Clove, Straw Berry, Berry, Chocolate, Spice",Yemen
Colombia Bilbao Los Vascos,"Caturra, Castillo, Colombia, Bourbon","Green Apple, Grape Fruit, Caramel, Citrus, Sweet, Spice",Colombia
Yemen Glah Shibriqi,Shibriqi,"Sweet Cream, Plum, Berry, Milk Chocolate, Herb, Jam, Cherry, Stone Fruit",Yemen
Seasonal Blend Natsu Ake 2024 [Medium roast],"Arara, Kent","Nut, Black Berry, Tropical Fruit, Wine, Roasted, Fermented, Chocolate, Berry, Orange, Citrus, Sweet",Tanzania
Colombia Cauca Granja Paraíso 92 | 100g,Strip Bourbon,"Tropical Fruit, Oat, Guava, Floral, Fermented, Herb, Spice, Orange, Citrus, Tea",Colombia
La Lucuma Marshell Natural,Marcel Marshell,"Cognac, Black Berry, Tropical Fruit, Prune, Dried Fruit, Fermented, Fudge, Passion Fruit, Chocolate, Rum, Berry, Spice, Sweet",Peru
EL OBRAJE COLIBRI,Gesha & Maracaturra,"Cherry, Berry, Citrus, Bergamot",Colombia
Muthingi,"Sl28,Sl34, Ruiru 11, Batian","Tropical Fruit, Floral, Lychee, Chamomile, Citrus",Kenya
Caballero Batian Espresso,Baitan,"Chocolate, Acid, Floral",Honduras
ESPRESSO COSTA RICA MARIANA NATURAL,F1,"Tropical Fruit, Dried Fruit, Banana, Citrus, Mango, Stone Fruit",Costa Rica
Silvio Roberto,Red Catuai 144,"Rose, Tropical Fruit, Floral, Passion Fruit, Milk Chocolate, Cream",Brazil
KENYA AA KAGUYU #019 ESPRESSO,Ruiru 11 And Sl28,"Floral, Sweet Cream, Plum, Jam, Stone Fruit",Kenya
COLOMBIA AMIGOS DEL HUILA DECAF,"Colombia, Caturra, Castillo, Tabi","Nut, Nougat, Sweet Cream, Dried Fruit, Toffee, Chocolate, Apricot, Vanilla, Caramel, Stone Fruit",Colombia
Huabal Organic,Typica & Yellow Caturra,"Nut, Tropical Fruit, Orange, Citrus, Berry, Caramel, Rasp Berry, Sweet",Peru
Kainamui PB,"Ruiru 11, Sl28, Baitan","Sweet Cream, Pear, Lemon, Berry, Candy, Citrus",Kenya
Popayan - Decaf,"Castillo, Caturra, Catimor, Typica","Tropical Fruit, Orange, Caramel, Citrus, Apple",Colombia
Julio Palli - Washed Castillo & Catuai - Copacabana Bolivia,Castillo & Catuai,"Nut, Milk, Tropical Fruit, Sweet Cream, Orange, Citrus, Mango, Stone Fruit",Bolivia
"Blasina Martinez Anaerobic, Honduras Espresso","Lempira, Ih90","Berry, Black Berry, Straw Berry, Herb",Honduras
Sharbo Maro,"Kurume, 74110, 74112, Walichu","Lime, Sweet, Honey, Citrus, Tea",Ethiopia
Rio de Abejas,Pluma Hildago,"Sweet Cream, Dried Fruit, Vanilla, Raisin",Mexico
Summer Solstice Blend,"Typica, 74158","Toast, Apricot, Sweet, Stone Fruit",Indonesia & Ethiopia
ETHIOPIA Shoondhisa - Anaerobic,Serto 74112,"Caramel, Red Apple",Ethiopia
Tenejapa,"Bourbon, Caturra, Garnica","Sweet, Stone Fruit",Mexico
Wilmer Galindez - Colombia Tabi & Pink Bourbon,Tabi & Pink Bourbon,"Tangerine, Tropical Fruit, Floral, Citrus, Berry, Rasp Berry",Colombia
HONDURAS | Nahun Fernandez | Pacas & Catuai | Natural,"Pacas, Catuai","Plum, Chocolate, Berry, Cherry, Stone Fruit",Honduras
Ethiopia Adorsi,"Kurume, 74110, 74112","Tangerine, Tropical Fruit, Peach, Sugar, Floral, Herb, Citrus, Sweet, Stone Fruit",Ethiopia
Colombia Los Patios Solsticio,Castillo Field Blend,"Berry, Tropical Fruit, Rasp Berry, Apple",Colombia
Benjamin Paz - Salad,Gesha & Sl28,"Currant, Floral, Berry, Spice, Citrus, Sweet",Honduras
Vista al Valle San Isidro 48 Natural,San Lsidro 48,"Berry, Apple, Tea, Floral",Costa Rica
"SAN PEDRO YOSOTATU, MEXICO","Typical, Bourbon","Nut, Tropical Fruit, Macadamia, Citrus, Apple",Mexico
Ethiopia Yirgacheffe Lalesa Washed,Wolisho & Kurume,"Tropical Fruit, Peach, Floral, Jasmine, Orange, Citrus, Tea, Stone Fruit",Ethiopia
MANOS JUNTAS,"Castillo, Colombia, F6","Chocolate, Straw Berry, Floral, Berry",Colombia
VISTA AL LAGO,"Pache, Caturra, Bourbon","Nut, Pear, Praline, Chocolate, Caramel",Guatemala
Sidra New Cultivar Wave Washed Finca Soledad,Sidra New Cultivar,"Berry, Fermented, Pear, Stone Fruit",Ecuador
Villamaría Decaf,"Variedad Colombia, Castillo Naranjal","Sweet Cream, Milk Chocolate, Brown Sugar, Caramel",Colombia
Finca Deborah – Terroir,Geisha Green Tip,"Floral, Jasmine, Bergamot, Citrus, Tea",Panama
"Colombia Alirio Muñoz Ortega, Washed Aji",Aji,"Acid, Elder Flower, Floral, Sweet Cream, Cherry, Berry, Jam, Bran",Colombia
"Finca Rosita, Bolivia 250g",Typica & Catuaí,"Nut, Tropical Fruit, Sugar, Macadamia, Nougat, Dried Fruit, Sweet Cream, Milk Chocolate, Papaya, Caramel",Bolivia
FILTER TANZANIA ACACIA HILLS KENT,Kent Aa,"Plum, Apple, Sweet, Stone Fruit",Tanzania
Mothership Blend,Red Bourbon / Ethiopian Heirloom,"Floral, Sweet Cream, Milk Chocolate",Rwanda
Peru – Guevara – Washed,"Catimor, Pache","Lime, Sugar, Bergamot, Caramel, Citrus, Apple, Sweet",Peru
250g Mexico finca La Sombra,Typica Comun,"Nut, Dried Fruit, Almond, Caramel, Raisin",Mexico
Geovanny Herrera,"Typica, Catimor","Nut, Marzipan, Sweet, Spice, Apple, Graham",Peru
Tinoco Typica Espresso,Ancient Typica,"Green Apple, Sweet, Brown Sugar, Caramel, Tea",Colombia
Perú - Yolanda Cabrera,Typica Rojo,"Spice, Caramel, Toffee, Herb",Peru
Guatemala - Familia Primavera,"Caturra, Catuaí, Bourbon","Nut, Hazel Nut, Pear, Fudge, Toast, Chocolate, Sweet",Guatemala
El Salvador | Divina Providencia | Anacafe-14 | Natural | Filter | 250g,Anacafe-14,"Black Berry, Dark Chocolate, Straw Berry, Chocolate, Berry",El Salvador
Jorge Diaz CamposPeru,"Geisha, Caturra, Bourbon","Tropical Fruit, Sweet Cream, Berry, Papaya, Vanilla, Cherry, Cheese",Peru
006 - Jhon Didier Trujillo,Chiroro,"Tropical Fruit, Floral, Tamarind, Apricot, Brown Sugar, Grape Fruit, Caramel, Citrus, Sweet, Stone Fruit",Colombia
Sumatra Tano Batak,"Arabe, Jember, Typica","Tropical Fruit, Straw Berry, Chocolate, Berry, Tobacco, Herb, Apple, Earthy",Indonesia
Ethiopia - Kawo Kamina Lot 19 - Honey - 2 color variant,"Gemadro, Ethiopia Heirloom","Floral, Jasmine, Blue Berry, Berry, Caramel, Tea",Ethiopia
Los Madrigales Villa Sarchi Natural,Villa Sarchí,"Lemon, Berry, Cherry, Citrus, Tea",Costa Rica
Kalledevarapura SLN795 Washed,Sln795,"Tropical Fruit, Brown Sugar, Caramel, Citrus, Sweet",India
Luis Huayhua,Caturra And Catuai,"Cherry, Berry, Tropical Fruit",Guatemala
Mountain Harvest,"Sl28, Sl14, Nyasaland Bugisu","Spice, Caramel, Citrus, Ginger",Uganda
Sítio Canaã,"Arara, Acauã, Topázio, Paraiso","Cream, Caramel, Pear, Toffee",Brazil
Sumatra Borakah Anaerobic Natural,"Sari, Sigarar Utang","Spice, Fermented, Sweet",Indonesia
Elkin Guzman - Yellow Fruit Nectar,"Bourbon, Catiope","Tropical Fruit, Nectarine, Straw Berry, Passion Fruit, Berry, Acid, Sweet, Stone Fruit",Colombia
Mahal Aqeequl,"Tuffahi, Dawairi, Jaaadi","Dried Fruit, Citrus, Raisin",Yemen
Brazil - Gilcimar Spavier [23/24],Catucaí 785,"Honey, Sweet, Currant, Berry",Brazil
Daniele Ricci Finca Milan WBC 2023 Filter,Geisha/Caturra,"Tropical Fruit, Water Melon",Colombia
F06,"74110,74112 & Ethiopian Heirloom","Rose, Floral, Jasmine, Straw Berry, Berry, Herb, Tea, Earthy",Ethiopia
SAGRADA FAMILIA II,Catuai 81,"Nut, Nougat, Sweet Cream, Chocolate, Red Apple",Brazil
Kerinci,Andung Sari & Sigarar Utang,"Dark Chocolate, Fermented, Berry, Chocolate, Cherry",Indonesia
Santa Clara - Brazil (Seasonal Marks),Yellow Catucaí,"Nut, Almond, Apricot, Vanilla, Sweet, Stone Fruit",Brazil
Ethiopia - Laayyoo Guji Uraga,74110/74112,"Tropical Fruit, Blue Berry, Berry, Papaya, Caramel, Sweet",Ethiopia
Colombia - Palmera - Mixed Varietals - Washed,"Mixed, Caturra, Colombia, Castillo",Citrus,Colombia
Chepsangor AB - Kenya,"Ruiru 11, Batian, And Sl28","Floral, Honey, Caramel, Sweet, Stone Fruit",Kenya
Colombia - El Jaragual Espresso,"66% Variedad Colombia, 34% Castillo","Tropical Fruit, Melon, Sweet, Vanilla",Colombia
El Carmen Camioneta Decaf,"Rosado, Field Blend","Tropical Fruit, Floral, Fermented, Spice, Sweet",Colombia
First Flowers Blend,"Caturra, Castillo, Native Ethiopian Landrace Varieties, Pacas","Milk Chocolate, Floral, Cream",Colombia & Ethiopia & Honduras
Corazon De Jesus,F1 Milenio,"Tropical Fruit, Dark Chocolate, Fermented, Chocolate, Apple",Costa Rica
Union San Pedro,Mundo Novo & Pluma Hidalgo,"Nut, Sweet Cream, Plum, Milk Chocolate, Caramel, Stone Fruit",Mexico
Fazenda Mio PB,Red/Yellow Catucai & Mundo Novo,"Nut, Prune, Dried Fruit, Pecan, Milk Chocolate, Cream",Brazil
William Shakespeare,"Bourbon, Pache","Nut, Black Berry, Macadamia, Berry, Caramel",Peru
/001² Brazil — Farm 209,Catuai + Obata,"Nut, Chocolate, Fermented",Brazil
/042 Colombia — Julián Calderón,Rosado Pink Bourbon,"Rose, Rasp Berry, Floral, Berry",Colombia
LAURINA Indonesia — Supriyanto,Laurina — Bourbon Pointu,"Nut, Tropical Fruit, Guava, Macadamia, Cocoa Nib",Indonesia
/013² Colombia — Colombia Rosado,Colombia Rosado,"Nut, Floral, Nougat, Sweet Cream",Colombia
/037 Ethiopia — Enat buna,Enat Buna,"Fig, Peach, Chocolate, Cocoa, Spice, Stone Fruit",Ethiopia
/041 Ethiopia — Ashu,"Wild Guji, Jarc 74112","Nut, Sweet Cream, Fermented, Grape Fruit, Citrus",Ethiopia
Familia Mancia,"Pacas, Catimor","Nut, Pie, Sweet Cream, Fermented, Amaretto, Berry, Vanilla, Cherry, Caramel, Spice",Honduras
250g Peru Nugkui,"Typica, Caturra, Bourbon & Tabi","Dark Chocolate, Floral, Vegetal, Lemon, Plum, Chocolate, Herb, Citrus, Sweet, Stone Fruit",Peru
Chelchele Natural Organic,"Kurume, Dago, Wolisho","Floral, Blue Berry, Berry, Honey, Sweet",Ethiopia
BRAZIL ANAEROBIC NATURAL PINEAPPLE FERMENTATION,"Yellow Catuai, Red Catuai","Nut, Lime, Almond, Berry, Bran, Acid, Citrus",Brazil
Exceedingly Rare Moka Java,Moka Java,"Wood, Fermented, Berry, Herb, Cherry, Sweet, Earthy",Yemen And Indonesia
Coffea Diversa,Montecristo,"Fig, Dried Fruit, Berry, Milk Chocolate, Cream",Costa Rica
BURUNDI BUSAMBO,Red Bourbon Mayaguez 139,"Straw Berry, Berry, Candy, Honey, Sweet",Burundi
Nelson Moreno - Anaerobic Washed,"Bourbon, Pacas, And Catuai","Nut, Peach, Pear, Toffee, Almond, Caramel, Ale, Stone Fruit",Honduras
Summer Solstice,"Ethiopian Heirloom, Bourbon","Lemon, Honey, Citrus, Floral",Rwanda
COSTA RICA | Alan/Senel Campos - PL122,Pl122,"Nut, Rose, Praline, Herb, Caramel, Citrus, Earthy",Costa Rica
GUATEMALA | Maria Zelaya Aguirre - Finca Pulcal,Villa Carchi,"Currant, Sweet Cream, Berry, Milk Chocolate, Vanilla",Guatemala
"JACINTO LOZADA. COLOMBIA. HUILA | STRAWBERRY, RHUBARB, & CITRUS",Pink Bourbon & Caturra,"Straw Berry, Rhubarb, Vegetal, Berry, Acid, Citrus",Colombia
El Paraiso - Castillo 720,Castillo 720,"Berry, Tropical Fruit, Fermented",Colombia
Honduras La Terraza,"Pacas, Typica, Bourbon, Catuaí","Berry, Brown Sugar, Caramel, Citrus, Sweet, Stone Fruit",Honduras
"Colombia Nolberto Olaya, Washed Caturra & Tabi",Caturra & Tabi,"White Chocolate, Berry, Chocolate, Spice, Sweet",Colombia
RADIOPHARE,"Catimor, Line S, Typica","Spice, Tropical Fruit, Cinnamon, Passion Fruit",Indonesia
KCRS COOPERATIVE,Mayaguez And Jackson Bourbon,"Tropical Fruit, Floral, Berry, Cherry, Honey, Orange, Citrus, Sweet",Rwanda
Perez Family - Finca La Soledad - Washed Anacafé14 - Guatemala,Anacafé14,"Floral, Jasmine, Grape Fruit, Caramel, Citrus, Tea, Sweet",Guatemala
Colombia - Inmaculada Fellow's Farms | Natural Pink Bourbon & Castillo - 250g,Pink Bourbon & Castillo,"Pomegranate, Straw Berry, Red Grape, Berry",Colombia
PERÚ ALIPIO PALOMINO,Inca Geisha,"Nectarine, Floral, Lemon, Honey, Citrus, Sweet, Stone Fruit",Peru
Kenya - Githongo - AA,"Sl28, Sl34, Ruiru 11, K7","Grape, Citrus, Currant, Berry",Kenya
250g Brazil fazenda Cerca de Pedra Sao Benedito,Red & Yellow Bourbon,"Nut, Dark Chocolate, Hazel Nut, Chocolate, Red Grape",Brazil
Groovy Blend - Colombia,"Various, Geisha, Castillo, Sidra, Caturra","Pomegranate, Tropical Fruit, Peach, Grape, Citrus, Stone Fruit",Colombia
Little Flower Robusta - Classic Espresso,Robusta Selection 795,"Nut, Marzipan, Chocolate, Cocoa, Sweet",India
Colombia Rafael Rojas,"Colombia, Castillo, Tabi, And Catimor","Sweet Cream, Cookie, Grape, Bread, Butter, Caramel, Citrus",Colombia
Thailand Huai Mae Liam,"Catuai, Typica, Chiang Mai & Sj133","Floral, Sweet Cream, Pear",Thailand
"Philippine Nano Lot Series, Lot 1010",Peaberries,"Nut, Fig, Cream, Ginger, Almond, Butter, Spice",Philippines
Ethiopia Basha Bekele Kokose Natural Gr 1,Walega Varietal 74158,"Tropical Fruit, Lime, Sugar, Peach, Floral, Herb, Orange, Citrus, Apple, Sweet, Stone Fruit",Ethiopia
"Thailand Huai Chomphu ""The Pink Valley""",Sj133,"Green Pear, Cream, Straw Berry, Berry, Cherry, Acid, Tea",Thailand
West Java Ciwidey,"Sigararutang, Lini S","Floral, Sweet Cream, Milk Chocolate, Candy",Indonesia
Mahwit Shami,Yellow Yemenia,"Sweet Cream, Apricot, Vanilla, Custard, Stone Fruit",Yemen
Indonesia Central Java Sindoro Anaerobic,"S795, Sigarar Utang, Adungsari, Kartika","Tropical Fruit, Citrus, Fermented, Sweet, Berry, Chocolate, Cocoa Nib, Rasp Berry, Mango, Stone Fruit",Indonesia
"Miller Walles Cruz, Colombia","Bourbon, Colombia, Tabi","Nut, Floral, Fermented, Marzipan, Berry, Jam, Sweet",Colombia
"Westerlies Winds • Colombia, Indonesia, & Ethiopia • Classic & Balanced Blend •",Heirloom / Heirloom / Ateng,"Spice, Chocolate, Dark Chocolate",Colombia
ETHIOPIA Mi'eessa Robe,Ethiopian Landraces Cbd Resistant,"Floral, Sweet Cream, Milk Chocolate, Candy",Ethiopia
EL MERIDIANO,"Caturra, Colombia, Typica","Pear, Fudge, Plum, Chocolate, Stone Fruit",Colombia
Inmaculada Fellows Mix,"40% Pink Bourbon, 60% Castillo","Berry, Apricot, Jam, Sweet, Stone Fruit",Colombia
"Kahayya Village, Sulawesi 250g",Typica & Line-S,"Milk, Lime, Sweet Cream, Honey, Citrus",Indonesia
Amparo Pajoy Good Food Award Winner,"Caturra, Colombia, Arusi","Sweet Cream, Milk Chocolate, Brown Sugar, Caramel, Apple, Spice",Colombia
Tambak Ruyung • Java • Washed Linea-S,Linea S,"Ginger, Chocolate, Spice, Honey, Sweet, Earthy",Indonesia
Déca [El Sueño],"Typica, Bourbon & Caturra","Nut, Dark Chocolate, Chocolate, Caramel, Sweet",Mexico
Rosa Blend [Bio],Arabica & Robusta,"Chocolate, Dark Chocolate",Guatemala
Blend Espresso [Bio],"Catuaí, Caturra, Typica","Chocolate, Dark Chocolate",Guatemala & Honduras
Blend 189 [Bio],"Caturra, Yellow & Red Catuaí","Nut, Hazel Nut, Caramel",Honduras
Halcyon Blend • Colombia & Rwanda • Rich & Smooth Blend,Bourbon / Heirloom,"Sweet Cream, Dried Fruit, Milk Chocolate",Colombia
"Butterfly Effect • Seasonal Blend • Kenya, Colombia, & El Salvador • Bright & Floral",Sl28 / Milenio / Kenya Heirloom,"Nectarine, Brown Sugar, Caramel, Sweet, Stone Fruit",El Salvador
[Fritz] Guji Alaka Wine Process,"74110,74112 & Heirloom","Tropical Fruit, Chocolate, Berry, Cherry, Orange, Mango, Earthy, Stone Fruit",Ethiopia
[Fritz] La Libertad Caturra-Catimor Washed,"Caturra, Catimor","Brown Sugar, Caramel, Sweet, Stone Fruit",Peru
Double Fermented Hot/Cold Washed AJI B - Nestor Lasso - Colombia,Aji B,"Tropical Fruit, Guava, Fermented, Berry, Melon, Orange, Citrus, Sweet",Colombia
Don Mariano - Costa Rica SL28 & Geisha,Sl28 & Geisha,"Stone Fruit, Sweet, Vanilla",Costa Rica
Colombia Carolina Ramirez Brownie,"Castillo, Cenicafe 1, Caturra","Chocolate, Tropical Fruit, Sweet, Fudge",Colombia
YOU'RE SO GREAT // Tanzania Peaberry Filter,"Bourbon, Kent","Black Berry, Dried Fruit, Fermented, Sweet, Rum, Berry, Jam, Cherry, Raisin, Spice",Tanzania
GUATEMALA La Libertad Cuevitas,San Ramon And Pacas,"Nut, Hazel Nut, Sweet Cream, Chocolate, Caramel, Earthy",Guatemala
Passionate/Dark-roasted blend,"Acaia, Ethiopian Heirlooms","Nut, Berry, Chocolate, Spice, Apple, Sweet",Brazil
Recharge / 2024 Spring Blend,"Yellow Catucai, Caturra, Heirloom","Floral, Chocolate, Apricot, Cocoa, Stone Fruit",Ethiopia
Papua New Guinea | Baroida Estate | Arusha & Typica | Honey | Espresso | 250g,Arusha & Typica,"Floral, Apricot, Brown Sugar, Honey, Caramel, Sweet, Stone Fruit",Papua New Guinea
Ghost Rider,Yellow Bourbon & Heirloom,"Sweet Cream, Blue Berry, Berry, Milk Chocolate, Red Grape",Ethiopia
Angel Wings,"Bourbon, Pacas, Caturra, & Catuai","Tropical Fruit, Orange, Butter, Cream, Caramel, Citrus, Stone Fruit",El Salvador
Humbler,"Yellow Bourbon, Red Catuai, & Mundo Novo","Dried Fruit, Date, Fudge, Chocolate, Caramel, Sweet",Brazil
no.10 Indonesia Woman Isaac Orangutan Coffee 100g,Tim Tim,"Caramel, Clove, Sweet",Indonesia
no.09 Kenya Gachuyani 100g,Sl28 And Others,"Tropical Fruit, Passion Fruit, Grape Fruit, Acid, Citrus",Kenya
no.06 Brazil Cantagallo 100g,Ruby,"Nut, Hazel Nut, Sweet, Berry, Cinnamon, Spice, Tea",Brazil
no.02 El Salvador Los Alpes 100g,Bourbon & Other,"Peach, Floral, Honey, Sweet, Stone Fruit",El Salvador
Kenya Mama Simba AB,"Sl28. Ruiru 11, Batian","Black Berry, Currant, Prune, Dried Fruit, Bergamot, Grape, Berry, Citrus",Kenya
Ethiopia Guji Mesina honey,Local Landraces,"Peach, Floral, Citrus, Sweet, Stone Fruit",Ethiopia
Decaf Blend,Field Blend / Pink Bourbon,"Chocolate, Caramel, Cocoa Powder, Marmalade",Colombia
Adrian Garcia (Washed) - Honduras,"Ih90, Catuai","Nut, Sweet, Brown Sugar, Nutmeg, Apple, Caramel",Honduras
Airumá,Topázio,"Nut, Milk Chocolate, Red Apple, Cream, Wal Nut",Brazil
Seasonal Blend,"Colombia, Castillo, Caturra / Red Bourbon","Nut, Almond, Toast, Apricot, Milk Chocolate, Cream, Stone Fruit",Colombia
Premium: Ethiopia Hamasho [Light roast],"74110, 74158, 74160, 74165, Setami","Tropical Fruit, Peach, Guava, Floral, Cider, Sweet, Lemon, Spice, Citrus, Tea, Stone Fruit",Ethiopia
[Fritz] La Mellos Washed,"Colombia, Costa Rica 95, Bourbon","Stone Fruit, Apricot, Sweet, Citrus",Mexico
250g Peru finca Cerro Azul,"Geisha, Bourbon, Caturra","Caramel, Floral, Red Grape, Elder Flower",Peru
250g Ecuador finca La Cascarilla,"Pache, Catuai, Bourbon","Sugar, Nectarine, Sweet Cream, Milk Chocolate, Stone Fruit",Ecuador
Ngila,"Kent, Bourbon, Sl28","Grape Fruit, Fermented, Herb, Citrus",Tanzania
Ethiopia - Tadese Yonka - Harbegona - Natural - Lot 32,"Gemadro, Ethiopian Heirlooms","Floral, Blue Berry, Berry, Honey, Rasp Berry, Sweet",Ethiopia
Cielito Lindo,Ihcafe 90,"Berry, Fermented, Wine, Herb",Honduras
Ze Claudio,Catuai 144,"Pie, Floral, Sweet Cream, Rhubarb, Vegetal, Milk Chocolate, Acid",Brazil
Miguel Bohorquez | Colombia | Filter,Pink Bourbon & Colombia,"Cherry, Berry, Tropical Fruit, Apple",Colombia
FLORES NATURAL ANAEROBIC,Kartika,"Pomegranate, Fermented, Jam, Spice, Acid, Cardamom, Sweet",Indonesia
Finca Villa Betulia,Bourbon Primitive,"Spice, Chocolate, Tropical Fruit, Papaya",Colombia
Decaf Kenya Thiriku AB,"Sl28, Sl34, Ruiru","Chocolate, Cocoa, Grape Fruit, Acid, Caramel, Citrus, Apple",Kenya
Finca el Suelo – 100g bag,Ethiopian,"Stone Fruit, Citrus, Floral",Colombia
CLEVER ACOSTA 'WUSH-WUSH',"Wush Wush, Geisha","Peach, Floral, Bergamot, Honey, Citrus, Sweet, Stone Fruit",Peru
KENYA Coffea Circulor Rook Isolated Batian NYX,"Isolated, Batian, H-Grade","Rose, Dark Chocolate, Floral, Chocolate, Herb, Sage",Kenya
KENYA Coffea Circulor Oxo Isolated Batian CCX,"Isolated, Batian, H, Pb-Grade","Tropical Fruit, Yogurt, Melon, Red Grape, Cream",Kenya
ECUADOR Finca Cruz Loma Galo CoE WAX,Typica & Sidra,"Tropical Fruit, Plum, Maple Syrup, Orange, Citrus, Sweet, Stone Fruit",Ecuador
"Kenya Githembe AA Espresso, Washed Field Blend","Sl28, Sl34, Rurui 11, Batian","Tropical Fruit, Currant, Fermented, Berry, Spice, Citrus, Sweet",Kenya
"Oops, It's Medium! - Colombia Rainbow EA Decaf Natural","Caturra, Castillo, And Colombia",,Colombia
Jose Hernan Salazar Heirloom Ethiopia,Ají Ethiopian Landrace,"Tropical Fruit, Berry, Caramel, Water Melon",Colombia
Funky Drummer,"Pink Bourbon, Others","Acid, Floral, Straw Berry, Rhubarb, Vegetal, Berry, Honey, Sweet",Ethiopia
Flower Power Blend,"Sidra, Others","Rose, Floral, Berry, Cherry, Honey, Sweet",Ethiopia
Peru Rayos del Sol,Bourbon Amarillo,"Tropical Fruit, Elder Flower, Floral, Red Grape, Orange, Citrus",Peru
Ethiopia Mundayo - Washed - 250g,"Jarc Varieties, Ethiopian Heirlooms","Fig, Peach, Bergamot, Citrus, Stone Fruit",Ethiopia
Akinyi ShambaKenya,"Batian, Ruiru11","Rose, Floral, Sweet Cream, Berry, Marsh Mallow, Herb, Rasp Berry, Earthy",Kenya
Las Lajas Catigua - Costa Rica Espresso,Catigua,"Nut, Macadamia, Fudge, Berry, Chocolate, Cherry, Caramel",Costa Rica
Honduras Las Nubes,Red Pacas And Catimor,"Berry, Stone Fruit, Apricot, Citrus",Honduras
Guatemala Guayo's Gesha,Malawi Gesha,"Tropical Fruit, Peach, Floral, Orange, Citrus, Stone Fruit",Guatemala
Thailand - Mae Jam Intakad Family | Anaerobic Natural - 250g,Chiang Mai & Bourbon,"Nut, Tropical Fruit, Nectarine, Dried Fruit, Straw Berry, Almond, Berry, Papaya, Stone Fruit",Thailand
Sumatra Gayo Semi-Washed process,"Cattimor, Tim Tim","Tropical Fruit, Berry, Chocolate, Citrus",Indonesia
"Nestor Lasso ~ Anaerobic Natural Chiroso from Huila, Colombia",Chiroso Ethiopia Landrace,"Fermented, Berry, Chocolate, Cocoa Nib, Sweet",Colombia
"Darabiel Osorio ~ Caturra & V.Colombia from Huila, Colombia",Caturra & Variedad Colombia,"Nut, Tropical Fruit, Sugar, Nougat, Sweet Cream, Plum, Apple, Stone Fruit",Colombia
"Sigri Estate (Kula), Peaberry, Papua New Guinea",Typica Peaberry,"Sweet Cream, Fermented, Pear, Cinnamon, Spice, Honey, Apple",Papua New Guinea
"Quiet Endless Searching, Natural - Thailand","Catuai, Typica & Chiang Mai","Tropical Fruit, White Chocolate, Berry, Chocolate, Mango, Cinnamon, Spice, Rasp Berry, Sweet, Stone Fruit",Thailand
Ethiopia Bekele Belachew,74158 Ethiopian Landraces,"Dried Fruit, Straw Berry, Blue Berry, Berry, Vanilla, Sweet",Ethiopia
Ethiopia Banko Taratu,74112 Ethiopian Landraces,"Peach, Floral, Sweet, Vegetal, Lemon, White Grape, Herb, Citrus, Tea, Stone Fruit",Ethiopia
Bolivia Copacabana,Catuai & Typica,"Tropical Fruit, Sweet Cream, Milk Chocolate, Honey, Apple",Bolivia
"Carmen Erazo, Honduras","Pacas, Bourbon, Catuai","Lime, Straw Berry, Berry, Brown Sugar, Caramel, Citrus, Sweet",Honduras
Nelson Melo,"Caturra, Bourbon, Tabi, Gesha","Bergamot, Citrus, Apple, Sweet",Colombia
"Fazenda Alvorada, Brazil",Yellow Catigua,"Berry, Chocolate, Cocoa Nib, Maple Syrup, Sweet",Brazil
Blend - Holy Mountain,"Arusha, Parainema, Robusta N. Payamino","Nut, Roasted, Chocolate, Cocoa Nib, Citrus",Honduras
Our Plot Espresso,"Geisha, Yellow & Red Bourbon","Acid, Dried Fruit, Sweet",Brazil
Cata Project - Seasonal Espresso,"Sidra, Tabi & Chiroso","Tropical Fruit, Currant, Sweet, Berry, Candy, Citrus, Mango",Colombia
Buku Hambela - Heirloom,"74110, 74112, And 74158","Tropical Fruit, Peach, Guava, Berry, Rasp Berry, Stone Fruit",Ethiopia
Don Benjie - Geisha,Geisha #Cm-2 Fatima,"Tropical Fruit, Floral, Jasmine, Blue Berry, Berry, Tea, Mango, Stone Fruit",Panama
Inacio Soares 72h Anaerobic fermented Natural processed IBC12 - Brazil,Ibc 12,"Berry, Chocolate, Red Apple, Spice, Caramel, Sweet",Brazil
LA BERMEJA,"Catuai, Pache, Catimor","Nut, Almond, Chocolate, Berry, Cherry",Peru
PERU LAGUNA DE LOS CÓNDORES,"Bourbon, Catuai, Caturra, Pache, Typica","Sugar, Floral, Fermented, Chocolate, Cocoa, Red Apple, Spice, Sweet",Peru
"Colombia, Decaf",Castillo / Colombia,"Dark Chocolate, Prune, Dried Fruit, Chocolate, Caramel",Colombia
"Kenya, Kieni AB, Washed",Sl28 / Sl34 / Ruiru11 / Batian,"Sugar, Currant, Lemon, Chocolate, Berry, Citrus, Sweet",Kenya
"Colombia, Yeferson Olaya, Honey",Yellow Colombia,,Colombia
"Espresso C, Mexico",Colombia / Caturra / Bourbon,"Nut, Fermented, Amaretto, Chocolate, Apple, Sweet",Mexico
Samuel Jr.,"Caturra, Chiroso","Tropical Fruit, Fudge, Chocolate, Herb, Spice, Citrus, Anise",Colombia
Daily,"Bourbon, Catuai, Caturra, Pache","Nut, Nougat, Sweet Cream, Milk Chocolate",Guatemala
Rao,Fine Robusta,"Chocolate, Caramel, Dark Chocolate, Sweet",India
Kenya - Gathaithi 250g,"Sl, Ruiru 11","Cherry, Berry, Currant",Kenya
Peru - Flor del Valle 250g ORGANIC,"Bourbon, Costa Rica 95","Fig, Plum, Chocolate, Sweet, Stone Fruit",Peru
San Lorenzo,"Catuai, Caturra & Sarchimor","Dark Chocolate, Floral, Vegetal, Lemon, Chocolate, Herb, Citrus, Sweet",Guatemala
Rosa Blend [Org],Arabicas & Robustas,"Chocolate, Dark Chocolate",Guatemala
São Francisco,"Arara, Catuai, Yellow Catucai, Mundo Novo & Tupi","Nut, Floral, Hazel Nut, Sweet Cream, Vegetal, Lemon, Milk Chocolate, Herb, Citrus",Brazil
La Pachuca [Juicy Honey],Caturra Red,"Tropical Fruit, Apple, Peach, Stone Fruit",Costa Rica
CGLE 17 [Naturel],Cgle17,"Rose, Tropical Fruit, Floral, Passion Fruit, Berry, Herb, Rasp Berry, Earthy",Colombia
Cignobianco® signature blend,Catuai / Sl34 Sl28,"Nut, Sweet Cream, Almond, Plum, Milk Chocolate, Caramel, Stone Fruit",Kenya
BRAZIL DATERRA LOW CAF OMNI,"Laurina, Aramosa","Nut, Floral, Hazel Nut, Toast, Milk Chocolate, Cream",Brazil
ETHIOPIA MUNDAYO ESPRESSO,Mixed Ethiopian Heirloom,"Floral, Sweet Cream, Plum, Tea, Stone Fruit",Ethiopia
ETHIOPIA BULIYE ESPRESSO,"74110, 74112, And Ethiopian Heirloom","Tropical Fruit, Sweet Cream, Straw Berry, Berry, Rasp Berry",Ethiopia
INDONESIA FRINSA EDUN #2 ESPRESSO,"Borbor, Sigarar Utang, Andung Sari, And P88","Tropical Fruit, Chocolate, Cocoa, Acai, Sweet",Indonesia
House Blend – Espresso Coffee,"Red Bourbon, Catuai","Nut, Tropical Fruit, Floral, Chocolate, Cocoa Nib, Chamomile, Orange, Citrus",El Salvador
BRAZIL Sitio Canaã Sumatra – Filter Coffee,Sumatra Lot 3762,"Tropical Fruit, Prune, Dried Fruit, Spice, Sweet",Brazil
"Hunkute, Ethiopia - ORGANIC",74110 And 74112,"Peach, Floral, Flower, Apricot, Tea, Stone Fruit",Ethiopia
"El Sunzita, Washed Hybrid El Pasti, El Salvador",Hybrid El Pasti,"Spice, Black Pepper, Citrus, Red Grape",El Salvador
"Ana Sora, Washed, Ethiopia",11/714 And 74120,"Tropical Fruit, Floral, Lemon, Papaya, Citrus, Tea",Ethiopia
"Sharo, Natural, Ethiopia",74120 & 11714,"Black Berry, Sweet Cream, Dried Fruit, Straw Berry, Berry, Jam, Raisin",Ethiopia
Enciso Espresso,"Colombia, Caturra, Cenicafé 1","Nut, Tropical Fruit, Sugar, Floral, Roasted, Hazel Nut, Fermented, Spice, Orange, Citrus, Sweet",Colombia
Jaime,"Pink Bourbon, Geisha, Caturra","Tropical Fruit, Floral, Elder Flower, Plum, Citrus, Stone Fruit",Colombia
UGANDA Kwoti Natural,Nyanzaland,"Tropical Fruit, Straw Berry, Berry, Apricot, Mango, Stone Fruit",Uganda
KENYA Coffea Circulor Ordo Isolated Ruiru 11 AA Washed Dry Fermentation WDX,"Isolated, Ruiru 11, Aa-Grade","Acid, Lime, Peach, Tea, Rhubarb, Vegetal, Herb, Mint, Citrus, Honey, Sweet, Stone Fruit",Kenya
KENYA Coffea Circulor Orbi Mixed Natural NX,"Mixed Varieties, Unknown Ratio, H-Grade","Tropical Fruit, Currant, Plum, Berry, Vanilla, Orange, Citrus, Sweet, Stone Fruit",Kenya
KENYA Coffea Circulor Occlusio Isolated Ruiru 11 Natural Hypoxia NHX,"Isolated, Ruiru 11, H-Grade","Rose, Floral, Plum, Berry, Cherry, Sweet, Spice, Stone Fruit",Kenya
Decaffeinated Espresso | Colombia,"Caturra, Castillo & Colombia","Chocolate, Stone Fruit",Colombia
Super Nature Espresso | Peru,"Caturra, Catuaí & Bourbon","Chocolate, Tropical Fruit, Citrus, Blood Orange",Peru
TEAMWORK Seasonal Espresso | Peru,"Caturra, Catuaí & Pache","Plum, Milk Chocolate, Cream, Stone Fruit",Peru
Sitio Vargem GrandeBrazil,"Catuai, Yellow Catuai","Dark Chocolate, Straw Berry, Toffee, Chocolate, Berry, Jam, Caramel, Sweet",Brazil
Bonanza BlendBrazil & Peru,"Catuai 99, Catuai 62, Catuacai 2Sl, Paraiso, Local Heirloom","Cherry, Chocolate Truffle, Chocolate, Berry",Peru
Yemen - Wadi Hozan,"Typica-Dawairy, Ja’Adi","Dried Fruit, Plum, Chocolate, Apricot, Raisin, Stone Fruit",Yemen
Yemen - Somara,Typica-Odaini,"Tropical Fruit, Cran Berry, Sweet Cream, Dried Fruit, Date, Berry, Pudding, Coconut, Brown Sugar, Caramel",Yemen
Ethiopia - Yirgacheffe Banko Gotiti,"Kurume, Mixed Ethiopian Heirloom","Tropical Fruit, Lychee, Sweet, Blue Berry, Berry, Honey, Citrus, Mango, Stone Fruit",Ethiopia
Ethiopia - Yirgacheffe Banko Chelbesa,"Wolisho, Dega, Kurume","Tropical Fruit, Fermented, Ginger, Blue Berry, Berry, Red Apple, Spice, Apple, Ale",Ethiopia
Ethiopia - Benti Nenka Guji Hambela,"Kurume, 74112","Tropical Fruit, Wine, Peach, Straw Berry, Sweet, Berry, Mango, Tea, Stone Fruit",Ethiopia
Ethiopia - Arsi Nensebo,"74158, 74112, 74110","Tropical Fruit, Tea, Peach, Stone Fruit",Ethiopia
Costa Rica - San Isidro Anaerobic,San Isidro,"Nut, Black Berry, Sweet, Chocolate, Berry, Cherry, Wal Nut, Caramel",Costa Rica
Costa Rica - H17 Hybrid,H17 Hybrid,"Floral, Plum, Brown Sugar, Honey, Caramel, Sweet, Stone Fruit",Costa Rica
Costa Rica - H1 Hybrid Natural,H1 Hybrid,"Nut, Tropical Fruit, Hazel Nut, Sweet, Red Apple, Caramel, Mango, Stone Fruit",Costa Rica
"Colombia - Villa Rosita Red, Finca El Paraiso","Castillo, F6","Tropical Fruit, Peach, Floral, Lychee, Straw Berry, Berry, Honey, Stone Fruit",Colombia
Colombia - Inmaculada Fellows Farms Lot 662,"Pink Bourbon, Castillo","Plum, Grape Fruit, Citrus, Apple, Stone Fruit",Colombia
Burundi - Kivuvuma Natural,Mibirizi,"Biscuit, Dried Fruit, Butter, Cream, Caramel, Apple, Raisin",Burundi
Volcan Azul - Costa Rica - Washed Catuaì,Catuaì,"Sweet Cream, Milk Chocolate, Stone Fruit",Costa Rica
Regessa - Ethiopia - Natural Krume 74158,Krume 74158,"Berry, Rasp Berry, Floral, Citrus",Ethiopia
Sustainable Profile Coffee - Ecuador,Ethiopia & Typica,"Nut, Tropical Fruit, Nougat, Sweet Cream, Melon",Ecuador
Pillcocaja - Ecuador - Red Honey Ethiopia,Ethiopia,"Nut, Sugar, Floral, Nougat, Sweet Cream",Ecuador
Spring Bloom - Filter Blend,"Bourbon, Typica, Colombia","Tropical Fruit, Floral, White Chocolate, Chocolate, Melon, Orange, Citrus",Colombia
Decaf Colombia Filter,"Castillo, Caturra, Colombia, Bourbon","Dark Chocolate, Fig, Sugar, Chocolate, Sweet",Colombia
La Esperanza - Peru Filter,"Caturra, Catuai, Bourbon, Gesha And Catimor","Nut, Nougat, Sweet Cream, Berry, Vanilla, Cherry",Peru
Don Martin Catuaí Amarillo - Costa Rica Filter,Catuaí Amarillo,"Black Berry, White Chocolate, Lemon, Berry, Chocolate, Citrus",Costa Rica
La Esperanza - Peru Espresso,"Bourbon, Catimor, Caturra, Geisha, Pache","Honey, Citrus, Fig, Sweet",Peru
Little Flower - Classic Espresso,Selection 795,"Nut, Hazel Nut, Marzipan, Chocolate, Cocoa, Sweet",India
Italo Disco - Classic Espresso,Catuai Pb,"Dark Chocolate, Chocolate, Berry, Jam, Cherry, Caramel, Sweet",Brazil
Wild at Heart - perfect Espresso,"Yellow Catuai, Heirloom","Chocolate, Caramel, Straw Berry, Berry",Ethiopia
HONDURAS ISAIAS FERNANDEZ,"San Ramon, Catimor","Pie, Black Berry, Sweet Cream, Berry, Grape Fruit, Citrus",Honduras
"Norma Erazo, Honey Processed","Pacas, Ih90","Chocolate, Berry, Apricot, Rasp Berry, Stone Fruit",Honduras
Sakura Nagashi,Sidra / Orange Gesha / Landraces,"Floral, Flower, Plum, Berry, Cherry, Honey, Sweet, Stone Fruit",Colombia
Sugar Glider Espresso,Heirlooms,"Black Berry, Cherry, Berry, Grape Fruit, Citrus",Colombia
Colombia Los Monjes AA,"Caturra, Castillo, Typica, Colombia","Berry, Cherry, Honey, Apple, Sweet, Spice",Colombia
Brazil Robusta Anaerobic,R15 Robusta,"Dark Chocolate, Sweet Cream, Dried Fruit, Chocolate, Raisin",Brazil
Ethiopia Gori Gesha Forest Carbonic Maceration,Gori Gesha And Gesha 1931,"Wine, Fermented, Straw Berry, Berry, Candy, Sweet",Ethiopia
Kenya Kaguyu AA - Stronghold S9x,"Batian, Sl28 & Sl34","Sweet Cream, Stone Fruit",Kenya
"JOSÉ DEBONA ROMÃO. BRAZIL. ESPÍRITO SANTO | JADE CLOUD TEA, HONEY, WALNUT.",Catucái 785,"Nut, Sweet, Honey, Wal Nut, Tea",Brazil
Peru Teodulo Cordova Cruz,"Caturra, Bourbon And Pache","Nut, Sugar, Sweet Cream, Almond, Red Apple",Peru
Yuki Minami Aerobic Natural,Red Catuai & Yellow Catuai,"Berry, Red Apple, Cherry, Sweet, Spice",Brazil
Jaime,"Caturra, Typica, Geisha, Colombia, Java","Sweet, Berry, Brown Sugar, Caramel, Tea",Colombia
Cerrado,"Catuai, Mundo Novo, Topazio","Black Berry, Dark Chocolate, Wine, Fermented, Chocolate, Berry, Sweet",Brazil
"Ecuador Los Japoneses, Washed Field Blend","San Salvador, Typica & Bourbon","Tropical Fruit, Papaya, Red Apple, Honey, Sweet",Ecuador
"Kariani Peaberry, Kenya 250g","Sl34, Sl28, Batman, Ruiru 11","Tropical Fruit, Sugar, Elder Flower, Floral, Fermented, Sweet, Grape, Herb, Spice, Citrus, Tea, Blood Orange",Kenya
Honey Badger Espresso,"Ethiopian Heirlooms, Regional Bourbon Varieties","Green Grape, Tropical Fruit, Apricot, Orange, Citrus, Stone Fruit",Kenya
Sumatra Sidikalang Poda Wet-Hulled,"Cattura, Typica, Timor Hybrid","Dried Fruit, Clove, Spice, Caramel, Raisin",Indonesia
Peru La Rinconada,"Catimor, Caturra, Pache, Bourbon","Rose, Floral, Toffee, Red Apple, Caramel",Peru
La Familia Morales Rivera CRUZ LOMA MEJORADO & SIDRA - ANAEROBIC WASHED x SIDRA - NATURAL Ecuador,Sidra & Mejorado,"Peach, Concord Grape, Lemon, Citrus, Sweet, Stone Fruit",Ecuador
Nicaragua - La Picona Samuel Zavala | Java Parainema Natural,"Java, Parainema","Tropical Fruit, Floral, Grape, Berry, Honey, Rasp Berry, Apple, Sweet",Nicaragua
Kilimanjaro Natural,"Sl28, Sl34, Bourbon","Berry, Chocolate, Dark Chocolate",El Salvador
Honduras - Jobsan Maudiel Vasquez - Honey,"Bourbon, Catuai, Icatu","Cran Berry, Sweet, Berry, Spice, Honey, Graham",Honduras
Honduras Proyecto Cabañas Natural,"Lempira, Catuai, Ihcafe 90, Pacas","Tropical Fruit, Straw Berry, Berry, Milk Chocolate, Banana, Cream",Honduras
Prototype - Limited Competition Blend,"Castillo, Catiope, Gesha","Rose, Tropical Fruit, Floral, Citrus, Fermented, Straw Berry, Chocolate, Berry, Coconut, Cherry, Rasp Berry, Apple, Sweet, Blood Orange",Colombia
Layo Teraga,Ethiopian Landraces 74110,"Floral, Jasmine, Sweet, Lemon, Honey, Citrus, Tea",Ethiopia
New Moon,"Ethiopia Landrace, Pacas","Acid, Floral, Rhubarb, Vegetal, Berry, Cherry, Agave, Caramel, Sweet",Honduras
Peru Amazonas Select,"Caturra, Typica, Catimor","Sugar, Cinnamon, Grape Fruit, Citrus, Sweet, Spice",Peru
"Kiunyu Factory AA - Kirinyaga, Kenya","Ruiri, Batian, Sl28 & Sl34","Tropical Fruit, Lime, Peach, Water Melon, Cran Berry, Floral, Dried Fruit, Flower, Berry, Raisin, Acid, Citrus, Tea, Stone Fruit",Kenya
"EL SAUCE. ECUADOR. LOJA | BING CHERRY, RED VELVET CAKE, & STAR FRUIT.","Criollo Typica, Pacas, San Salvador, & Catimor","Tropical Fruit, Sweet Cream, Berry, Cherry",Ecuador
Intango – Dark Roast,"Bourbon Mayaguez 71 & 139, Jackson","Dark Chocolate, Fig, Dried Fruit, Chocolate, Cream",Rwanda
Spring Annuals 2024,"Red Bourbon, Catimor, Catuai","Peach, Floral, Clove, Sweet, Spice, Honey, Tea, Stone Fruit",Peru
Mexico - Clemente Solis - Washed,"Bourbon, Caturra, Garnica, Sarchimor","Sweet Cream, Goose Berry, Berry, Marsh Mallow, Citrus",Mexico
Edwin Noreña - Fruity Flowers,Red Bourbon | Pink Bourbon,"Fermented, Straw Berry, Pear, Vegetal, Lemon, Bergamot, Berry, Herb, Candy, Citrus, Sweet",Colombia
000 - FINCA ESPERANZA,"Field Blend, Caturra, Catuaí, Sarchimor And Java","Tropical Fruit, Sweet Cream, Tamarind, Caramel, Milk Chocolate, Orange, Citrus",Guatemala
Villa Lucía | Extended Semi-Washed | Castillo + Colombia,Castillo + Colombia,"Dried Fruit, Fermented",Colombia
Mariposa Lot 1 - Colombia,Bourbon & Gesha,"Stone Fruit, Apricot, Citrus",Colombia
Los Naranjos,"Caturra, Colombia, Bourbon","Nut, Nougat, Sweet Cream, Dried Fruit, Caramel, Raisin",Colombia
"Ermelinda Sorto, Honduras Espresso","Lempira, Yellow Catuai, Ih90","Pomegranate, Tropical Fruit, Lychee, Chocolate, Berry, Herb, Rasp Berry",Honduras
Chiroso Caturra Washed,Chiroso Caturra,"Rose, Floral, White Grape, Herb, Honey, Citrus, Earthy",Colombia
Kenya Chesiro Espresso,"K7, Batian, Ruiru 11","Berry, Chocolate, Cocoa Nib",Kenya
Café Brisa Serena--Lebudu Kraik,"Timor Hybrid, Typica","Citrus, Nectarine, Stone Fruit",Timor Leste
Nguisse Nare - Lost & Found Natural,Ethiopian Landraces 74158,"Green Grape, Tropical Fruit, Sweet, Mango, Stone Fruit",Ethiopia
Finca La Hermosa Orange Gesha Washed Auction Lot,Orange Gesha,"Nut, Tropical Fruit, Floral, Jasmine, Sweet, Caramel, Citrus, Tea",Guatemala
Guatemala - Paty Perez - Finca El Diamante,"Bourbon, Caturra, Margogype","Tangerine, Tropical Fruit, Sweet Cream, Brown Sugar, Caramel, Citrus",Guatemala
Ethiopia - Hada Molecha - Coffee Cherry Coferment,"74148, 74110, 74165, 74112","Pie, Lime, Floral, Sweet Cream, Jasmine, Citrus, Tea",Ethiopia
COLOMBIA La Muralla,"Caturra, Castillo, Pink Bourbon, Gesha","Lime, Floral, Sweet Cream, Butter, Candy, Caramel, Citrus, Honey",Colombia
Hamasho Natural,74158 And Ethiopian Landraces,"Peach, Floral, Berry, Sweet, Stone Fruit",Ethiopia
Mitad Del Mundo,"Typica, Caturra, Bourbon","Toffee, Lemon, Red Apple, Caramel, Citrus",Ecuador
San Juan,"Bourbon, Catimor, Catuai","Peach, Fudge, Lemon, Chocolate, Citrus, Stone Fruit",Peru
Brazil Oberon,"Mundo Novo, Catuaí","Nut, Chocolate, Caramel",Brazil
"Philippine Nano Lot Series, Lot 1019","Typica, Bourbon, San Ramon","Dried Fruit, Cocoa Powder, Date, Lemon, Chocolate, Herb, Citrus",Philippines
Mexico Nayarit Peaberry,"31% Catuai, 53% Caturra, 14% Criollo Typica, 2% Mundo Novo.","Tropical Fruit, Tamarind, Clove, Chocolate, Flan, Spice, Citrus, Sweet",Mexico
Thailand Doi Saket Typica,Thai Typica,"Lemon, Tropical Fruit, Citrus, Tea",Thailand
INDOGLOW,"Typica.Lini S288, S795, Cobra","Cherry, Berry, Green Apple",Indonesia
DECADENT,"Caturra, Colombia, Castillo, Pink Bourbon","Nut, Nougat, Sweet Cream, Milk Chocolate, Caramel, Butter Milk",Colombia
Dinkinesh: Riripa Natural,1974-1975 Jarc Selections And Ethiopian Landraces,"Tropical Fruit, Citrus, Floral",Ethiopia
Persephone Blend,"Ethiopian Heirlooms, Bourbon Mayaguez 139","Lime, Floral, Grape, Citrus, Sweet",Kenya
Colombia Striped Red Bourbon,Striped Red Bourbon,"Tropical Fruit, Black Berry, Plum, Berry, Orange, Citrus, Stone Fruit",Colombia
Guatemala: Antonio Ramirez,"Bourbon, Caturra, Catuai, And Pache Verde","Dark Chocolate, Plum, Chocolate, Apple, Stone Fruit",Guatemala
Colombia: El Nevado,"Caturra, Colombia, And Castillo","Sugar, Dried Fruit, Raisin, Caramel, Sweet",Colombia
ETHIOPIA DOUBLE SOAK WASHED,"74110, 74112, Dega, Wolisho","Tangerine, Tropical Fruit, Peach, Persimmon, Berry, Cherry, Citrus, Stone Fruit",Ethiopia
HONDURAS ANAEROBIC DOUBLE WASHED,Ihcafe90,"Wine, Green Apple, Fermented, Apricot, Spice, Caramel, Sweet, Stone Fruit",Honduras
"Wania Maria, Brazil 250g","Bourbon, Catuaí, Mundo Novo, Arara","Nut, Sugar, Macadamia, Sweet Cream, Dried Fruit, Date, Chocolate, Cocoa",Brazil
"Illimani, Bolivia 250g",Catuaí & Typica,"Chest Nut, Nut, Tropical Fruit, Floral, Fermented, Barley, Sweet, Lemon, Vegetal, Melon, Herb, Honey, Citrus, Tea",Bolivia
Maria Martins,Aranas,"Nut, Pistachio, Roasted, Pear, Brown Sugar, Caramel, Sweet",Brazil
Marilyn Laucata Chinalla Micro Lot,"Caturra, Bourbon, And Typica","Dried Fruit, Ginger, Sweet, Brown Sugar, Caramel, Raisin, Spice",Peru
Bwishaza - CM Natural,"Arabica, Bourbon","Tropical Fruit, Cran Berry, Dried Fruit, Sweet, Berry, Cinnamon, Brown Sugar, Orange, Citrus, Caramel, Spice",Rwanda
Mexico San Fernando,"Red Catuaí, Yellow Catuaí","Caramel, Fig, Dried Fruit",Mexico
Costa Rica - Daniela Gutierrez Dry Process,"Caturra, Catuai, Tipica Costaricense","Nut, Pea Nut, Tropical Fruit, Lime, Floral, Roasted, Dried Fruit, Sweet Cream, Straw Berry, Cherry, Berry, Butter, Honey, Orange, Citrus, Tea",Costa Rica
Konga Natural,"Jarc 74110, 74148","Tropical Fruit, Berry, Chocolate, Cocoa Nib, Banana",Ethiopia
"EL TRIUNFO LOT 3. COLOMBIA. HUILA | RIPE PEAR, TANGERINE, & MALTED CHOCOLATE.","Caturra, Colombia, & Tabi","Tangerine, Tropical Fruit, Pear, Chocolate, Malt, Citrus, Sweet",Colombia
"Honduras, Proyecto Cabañas Espresso","Lempira, Catuai, Ihcafe 90, Pache","Cherry, Berry, Dried Fruit, Stone Fruit",Honduras
"Honduras, Steven Murcia","Parainema, Pacas","Sweet Cream, Marsh Mallow, Vanilla, Red Apple",Honduras
Mpemba,"Bourbon, Mbirizi, Jackson","Honey, Citrus, Tea, Sweet",Burundi
Juan David Embus Arusi Heirloom Ethiopia,"Arusi, Ethiopia Heirloom","Berry, Chocolate, Floral",Colombia
Slow Down - Decaf,"Caturra, & Castillo","Sweet Cream, Straw Berry, Berry, Milk Chocolate, Jam, Custard",Colombia
Honduras - Proyecto Cabanas,"Lempira, Catuai, Ihcafe90, And Pacas","Nut, Sweet, Berry, Herb, Tea",Honduras
Ecuador - El Sauce,"Criollo, Bourbon, Pacas, San Salvador & Catimor","Sweet, Brown Sugar, Caramel, Citrus, Tea",Ecuador
Quebradón,"Caturra, Bourbon, Tabi","Peach, Milk Chocolate, Cream, Caramel, Stone Fruit",Colombia
Brazil Daterra Summer Solstice,Bourbon Amarelo,"Nut, Rose, Lavender, Floral, Lemon, Berry, Citrus, Tea",Brazil
Colombia Cattleya Excelso,"Colombia, Castillo, And Caturra","Lavender, Floral",Colombia
Kenya Nyeri AB Giakanja,"Arusha, Dega, Ruiru 11, Sl28 & Sl34","Tropical Fruit, Tamarind, Plum, Acid, Citrus, Sweet, Stone Fruit",Kenya
Malawi Mpanga AAA Plus RFA,Sl28 And Catimor,"Tropical Fruit, Floral, Lychee, Vegetal, Lemon, Plum, Chocolate, Herb, Malt, Caramel, Citrus, Sweet, Stone Fruit",Malawi
Guatemala Ayarza Wine Series Natural,"Red & Yellow Catuai And Bourbon, And Pache","Rose, Wine, Floral, Fermented, Berry, Rasp Berry",Guatemala
Kenya Nyeri Thuti AA,"Batian, Ruiru11, Sl28 & Sl34","Apple, Pear, Nectarine, Stone Fruit",Kenya
Tanzania Mwika North AMCOS,Bourbon And Jackson Bourbon,"Pie, Nut, Tropical Fruit, Lychee, Sweet Cream, Ginger, Apricot, Nutmeg, Spice, Stone Fruit",Tanzania
El Salvador El Gobiado Rainbow Bourbon Anaerobic Natural,"Orange, Yellow & Red Bourbon","Tropical Fruit, Nectarine, Papaya, Mango, Stone Fruit",El Salvador
East Timor Letefoho Natural,"Bourbon, Hybrido De Timor, And Typica","Stone Fruit, Floral, Peach, Rum",Timor Leste
Fuchsia Carnival Espresso Roast,"Pink Bourbon, Bourbon Amarelo","Chocolate, Dark Chocolate, Cocoa",Colombia
Tanzania Ngorongoro Finagro Plantations Gaia Estate Citric Acid - Espresso Roast,"Bourbon N39, Kent, Sl28, Sl34, Tacri, Ruiru-11, And Batian",,Tanzania
Kenya Thiririka Ndundu AA,"Sl28 & Sl34, Ruiru 11, And Batian","Plum, Grape, Nectarine, Stone Fruit",Kenya
"Colombia Amigos del Huila, Washed EA Decaf","Caturra, Castillo, Tabi","Dried Fruit, Toffee, Raisin, Caramel, Sweet",Colombia
Jose Rojas,Colombia & Castillo,"Pie, Nut, Black Berry, Peach, Sweet Cream, Berry, Caramel, Stone Fruit",Colombia
"GuatemalaCubito, Luis Pedro Zelaya","Bourboncito B300, Bourbon","Tropical Fruit, Floral, Dried Fruit, Apricot, Milk Chocolate, Cream, Orange, Citrus, Stone Fruit",Guatemala
"GuatemalaCuevitas, Renardo Ovalle","San Ramon, Pacas","Nut, Nougat, Sweet Cream, Straw Berry, Berry, Milk Chocolate",Guatemala
"EthiopiaMusa Abalulesa, Limu","Jarc 74410, 74165","Concord Grape, Berry, Vanilla, Rasp Berry, Sweet",Ethiopia
Huila DECAFFEINATED FIELD BLEND - WASHED Colombia,"Caturra, V. Colombia, Castillo","Dark Chocolate, Lemon, Chocolate, Jam, Citrus, Sweet",Colombia
Karimikui AA - Kenya,"Sl28, Sl34, Baitan, Ruiru","Berry, Rasp Berry, Floral, Citrus",Kenya
Colombia Pioneers Decaf,"Colombia, Caturra, Tabi, Bourbon","Milk, Sweet Cream, Straw Berry, Berry, Cherry, Caramel",Colombia
Bolivia San Ignacio,"Catuai, Typica + Caturra","Nut, Pecan, Chocolate, Cocoa, Sweet",Bolivia
Ethiopia - Deri Kidame Hambela | Natural,"Wolisho, Kurume & Dega","Tropical Fruit, Straw Berry, Berry, Apricot, Red Grape, Cream, Orange, Citrus, Stone Fruit",Ethiopia
Ethiopia - Musa Abalulesa Oma Fontule | Washed,74110 & 74165,"Tropical Fruit, Peach, Floral, Jasmine, Blue Berry, Berry, Orange, Citrus, Tea, Stone Fruit",Ethiopia
Asman Arianto,"Bor Bor, Ateng, Catimor, Timor","Cotton Candy, Fermented, Wine, Sweet",Indonesia
Zen,"Colombia, Castillo, Pink Bourbon","Apple, Sweet Cream, Berry, Butter, Cherry, Caramel, Anise, Spice",Colombia
Mindful,Pache San Ramon & Red Catuai,"Nut, Tropical Fruit, Dark Chocolate, Sweet Cream, Almond, Chocolate, Butter, Orange, Citrus",Guatemala
Oatmeal Breakfast - Robusta,Ecurobusta,"Dried Fruit, Chocolate, Apricot, Apple, Raisin, Stone Fruit",Ecuador
The Duet,"Chiroso, Parainema","Dark Chocolate, Floral, Plum, Chocolate, Stone Fruit",Colombia
Java Frinsa Estate,"Ateng Super, Bor Bor, Sigarar Utang","Chocolate, Tropical Fruit, Sweet, Banana",Indonesia
Wanja Kersa - Dry Process,Jarc Selections,"Tropical Fruit, Black Berry, Lime, Water Melon, Berry, Citrus, Sweet",Ethiopia
Mikuba,"Red Bourbon, Mibirizi","Dried Fruit, Berry, Apricot, Cherry, Caramel, Stone Fruit",Burundi
Necessary Blend,"Typica, Bourbon, Caturra, Ethiopian Landraces","Brown Sugar, Chocolate, Caramel, Sweet",Peru
Stowaway,"Bourbon, Jarc Selections","Nut, Sugar, Floral, Toast, Chocolate, Caramel, Sweet",El Salvador
Honduras El Pino,Yellow And Red Pacas,"Cream, Floral, Berry, Milk Chocolate, Cherry",Honduras
Prospect,"Ethiopian Heirlooms Landraces, Bourbon, Typica","Lime, Herb, Caramel, Citrus, Earthy",Ethiopia + Guatemala
Wallabout,"Red Catuaí, Marsellesa, Caturra, Typica","Toffee, Chocolate, Brown Sugar, Caramel, Sweet",Brazil + Mexico
#103 Wash-Processed Coffee Beans from Kenya,"Sl34, Sl28, Ruiri 11","Lemon, Chocolate, Bergamot, Herb, Citrus",Kenya
Decaffeinated Wash-Processed Coffee Beans from Mexico,"Tipica, Bourbon, Caturra","Nut, Nougat, Sweet Cream, Caramel, Apple",Mexico
Colombia Aponte Village,"Caturra, Bourbon, Castillo","Tropical Fruit, Sweet Cream, Dried Fruit, Berry, Papaya, Cherry, Honey",Colombia
Bombe,"74158, 74110, 74112","Lemon, Berry, Citrus, Tea",Ethiopia
Java Frinsa Collective,"Andung Sari, Bor Bor, Kartika, Ateng","Tangerine, Tropical Fruit, Dried Fruit, Citrus, Raisin",Indonesia
Bali Kintamani,"Bourbon, S795 & Usda 762 Typica, And Catimor","Tangerine, Tropical Fruit, Straw Berry, Berry, Citrus",Indonesia
"SUMATRA GAYO - Aceh, Indonesia (natural process)","Catimor, Tim Tim, Bourbon, Ateng Super, P-88","Sweet Cream, Berry, Spice, Rasp Berry",Indonesia
Bolt,"Colombia, Castillo, Caturra, Bourbon","Chocolate, Sweet",Central And South America
Day Dream,Ethiopia Landrace; Red Bourbon,"Berry, Rasp Berry, Floral, Citrus",Rwanda
Lake Effect,"Sl28; Kurume, Ethiopia, Landrace; Ethiopian Heirloom","Tropical Fruit, Elder Flower, Floral, Stone Fruit, Apricot, Citrus, Blood Orange",Kenya; Ethiopia
"ESPRESSO ~ Juicebox Series ~ Gathugu AA from Nyeri, Kenya",Sl28 & Ruiru 11,"Sweet Cream, Plum, Pudding, Earthy, Stone Fruit",Kenya
"Zelelu Ararso ~ 74110 & 74112 varieties from Yirgacheffe, Ethiopia",74110 & 74112 Varieties,"Berry, Tropical Fruit, Tea, Coconut",Ethiopia
"Los Guacharos ~ - from Huila, Colombia","Caturra, V.Colombia, Bourbon, Castillo","Tropical Fruit, Sweet Cream, Butter, Orange, Citrus",Colombia
"Decaf La Muralla - San Agustin, Colombia","Caturra, Castillo, Colombia, Pink Bourbon","Floral, Sweet Cream, Cinnamon, Brown Sugar, Caramel, Citrus, Tea, Spice",Colombia
"Basha Bekele - Kokose, Ethiopia",Walega,"Nectarine, Floral, Straw Berry, Berry, Cherry, Stone Fruit",Ethiopia
"Danipaguache, Mexico","Bourbon, Typica, Caturra, Mundo Novo","Nut, Cashew, Plum, Chocolate, Stone Fruit",Mexico
"Black Condor, Colombia","Caturra, F6, Castillo","Peach, Fermented, Grape Fruit, Caramel, Citrus, Sweet, Stone Fruit",Colombia
"Tierra de Mi Padre, Mexico","Caturra, Mundo Novo, Bourbon","Nut, Macadamia, Sweet Cream, Fermented, Chocolate, Berry, Rasp Berry",Mexico
Atitlán Natural - Guatemala,"Caturra, Bourbon, Catuaí, Pache","Tropical Fruit, Peach, Dried Fruit, Berry, Apple, Sweet, Stone Fruit",Guatemala
PNG Kuta Kofi Mill,"70% Typica, 15% Bourbon, 15% Arusha","Tropical Fruit, Cran Berry, Berry, Tea, Mango, Stone Fruit",Papua New Guinea
El Gato Blend,"Yellow Catuaí, Yellow Catucaí, Acaiá, Yellow Bourbon, Castillo","Dark Chocolate, Plum, Chocolate, Apple, Stone Fruit",Colombia
Frequency Blend,"Yellow Catuaí, Yellow Catucaí, Acaiá, Yellow Bourbon","Sugar, Dried Fruit, Raisin, Caramel, Sweet",El Salvador
Burundi Yandaro,Bourbon Mayaguez 139,"Lime, Dried Fruit, Date, Persimmon, Citrus",Burundi
Peru Marañón River Valley,"Bourbon, Catimor, Caturra, Pache And Typica","Sweet Cream, Dried Fruit, Chocolate, Berry, Marsh Mallow, Cherry",Peru
Rwanda Jarama Kivubelt,Bourbon Varieties,"Plum, Citrus, Fig, Stone Fruit",Rwanda
MELLOW CARAMELO // Brazil Filter,"Yellow Bourbon, Catuai, Catucai","Spice, Candy, Caramel, Apple, Sweet",Brazil
Ethiopia Danche,Wolisho And Dega,"Cotton Candy, Peach, Floral, Sweet, Stone Fruit",Ethiopia
Peru Carmen de la Frontera,"Caturra, Bourbon, Typica & Catimor","Green Apple, Mousse, Sweet Cream, Chocolate, Maple Syrup, Spice",Peru
Red Lotus Espresso,Ethiopian Landraces / 74110 / 74110/74112,"Straw Berry, Berry, Chocolate, Cocoa, Jam, Rasp Berry, Sweet",Ethiopia
Guatemala Los Volcanes,"Bourbon, Catuai, Caturra, Typica","Dried Fruit, Chocolate, Berry, Caramel, Rasp Berry, Raisin",Guatemala
Rung'eto PB - Kenya,"Batian, Ruiru 11, Sl 28, Sl34","Currant, Berry, Jam, Caramel, Apple, Sweet",Kenya
Guatemala Finca La Providencia Espresso,"Bourbon, Catuai, Caturra, Mundo Novo","Nut, Fermented, Pear, Amaretto, Chocolate Truffle, Chocolate, Sweet",Guatemala
Gitwe,Red Bourbon & Assorted Field Varieties,"Persimmon, Grape, Berry, Cherry, Acid, Sweet, Spice",Burundi
"Peña Blanca, Guatemala 12 oz.","Bourbon, Caturra, Catuaí, Typica","Green Grape, Pear, Sweet, Vanilla",Guatemala
Valle Del Santuario,"Bourbon, Pache, Caturra","Dried Fruit, Toffee, Vanilla, Caramel, Sweet",Peru
Buchiro,"Mulungu, Mixed Bourbon Types","Lime, Sweet, Berry, Citrus, Tea",Democratic Republic Of The Congo
Buliza,Bourbon Mayaguez 71 & 139,"Berry, Fermented, Cran Berry",Rwanda
ASUVIM,Pache And Typica,"Dried Fruit, Raisin, Sweet, Stone Fruit",Guatemala
SPECIAL BLEND - POLARIS,"Caturra, Catuai, Ethiopian Heirloom","Nut, Chocolate, Caramel, Almond",Guatemala
SUMATRA - INDONESIA,"Abyssinia, Atend, Gayo 1, Tim Tim","Tropical Fruit, Citrus, Sweet, Berry, Rasp Berry, Tea",Indonesia
Silver Monk • Ethiopia • Gesha & Heirloom • Seasonal Blend,Gesha & Ethiopian Heirloom,"Citrus, Floral",Ethiopia
Laclo,Timor,,Timor Leste
Las Capucas,"Pacas, Caturra","Currant, Fermented, Chocolate, Berry, Bran, Spice, Acid, Caramel, Sweet",Honduras
Wuri,"Ethiopian Heirloom, Typica","Peach, Fermented, Bergamot, Citrus, Stone Fruit",Ethiopia
Fazenda Casa Nova,"Red Catuai, Yellow Catuai, Catucai","Nut, Dark Chocolate, Fig, Nougat, Sweet Cream, Dried Fruit, Chocolate",Brazil
El Madroño,"Caturra, Catuai, Pacas","Dried Fruit, Chocolate, Berry, Apricot, Cherry, Sweet, Spice, Stone Fruit",Nicaragua
Nicaragua - La Llamarada,"Catuai, Caturra, Marsellesa","Nut, Tropical Fruit, Floral, Sweet Cream, Dried Fruit, Date, Cashew, Passion Fruit, Berry, Milk Chocolate, Citrus",Nicaragua
Unicorn Pony 11 Year Anniversary Blend!!!,"Metu Bishari, Gera, Merdcheriko","Black Berry, Sweet Cream, Straw Berry, Lemon, Grape, Berry, Maple Syrup, Jam, Candy, Citrus",Ethiopia
El Salvador - Amarancia,"Yellow, Orange, Pink Bourbon","Flower, Floral, Sweet, Herb",El Salvador
Destroyer,"Caturra, Pache, Bourbon, Ethiopian Heirlooms","Peach, Sweet Cream, Stone Fruit",Guatemala
Mass Appeal,"Typica, Castillo, Bourbon, Caturra, Colombia","Sugar, Sweet Cream, Cookie, Milk Chocolate",Colombia
Decaf EA Colombia,"Typica, Caturra, Mundo Novo","Chocolate, Berry, Cherry, Candy, Sweet",Colombia
Honduras Damien Chavez,"Red & Yellow Bourbon, Pacas","Tangerine, Tropical Fruit, Nectarine, Chocolate, Citrus, Stone Fruit",Honduras
Ethiopia Reko,"Kurume, Mixed Heirloom","Floral, Jasmine, Straw Berry, Sweet, Lemon, Berry, Citrus, Tea",Ethiopia
Guatemala Rosalío Martinez,"Bourbon, Caturra, Pache, Java","Caramel, Honey, Chocolate, Citrus",Guatemala
Guatemala Los Jovenes,"Bourbon, Catuai, Cattura","Nut, Tropical Fruit, Hazel Nut, Sweet Cream, Milk Chocolate, Orange, Citrus",Guatemala
Friend Zone Decaf,"Caturra, Typica, Castillo, Colombia","Nut, Nougat, Sweet Cream, Lemon, Citrus, Tea",Colombia
The Answer,"Caturra, Yellow Bourbon, Heirloom","Chocolate, Caramel, Berry",Ethiopia
Chit Chat // Seasonal Blend,"Ethiopian Landraces, Castillo, Colombia, Tabi, Bourbon","Milk Chocolate, Cream, Citrus",Colombia
Decaf El Tablón,"Castillo, Catimor, Colombia","Tropical Fruit, Water Melon, Chocolate, Berry, Cherry",Colombia
FAM // Holiday Blend,"Pink Bourbon, Ruiru 11, Sl28, Batian, Gibirinna 74110, Serto 74112",Sweet,Colombia
Colombia: Las Perlitas,"Caturra, Castillo, Colombia, Geisha And Pink Bourbon","Green Grape, Basil, Vegetal, Herb, Vanilla, Sweet",Colombia
Brattle Blend,Dega Jarc,"Citrus, Lemon, Berry, Rasp Berry, Sweet",Ethiopia
Colombia: La Plata,"Caturra, Colombia, & Castillo","Nut, Sweet Cream, Milk Chocolate, Honey, Caramel, Apple",Colombia
Guatemala: Las Palomas,"Catuai, Caturra, Pache, Bourbon","Nut, Tropical Fruit, Citrus, Nougat, Sweet Cream, Berry, Orange, Rasp Berry",Guatemala
Uganda: Yembek Double Fermentation,"Sl-34, Others","Tropical Fruit, Plum, Berry, Orange, Citrus, Tea, Stone Fruit",Uganda
Honduras - Iris Suyapa Chicas - Natural,"Pacas, Lempira, Catuai, Bourbon","Nut, Pie, Nougat, Sweet Cream, Berry, Grape Fruit, Citrus",Honduras
Ethiopia - Hada Molecha - 96 Hours Extended Fermentation,"74148, Kurume, Dega, Wolisho, 74110, 74165, 74112","Nut, Floral, Sweet Cream, Fermented, Flower, Chocolate, Pudding",Ethiopia
Kitty Claus 2023 - Ethiopia Gera Anaerobic Natural - 12oz,"74-110, 74-112, 74-140, 47-165","Wine, Fermented, Straw Berry, Blue Berry, Berry, Cherry, Sweet",Ethiopia
Costa Rica - Las Lajas - Black Honey,"Catuai, Caturra, Villa Sarchi","Pie, Cran Berry, Sweet Cream, Rhubarb, Vegetal, Berry, Acid, Apple",Costa Rica
El Salvador - Finca Rumania,"Bourbon, Catimor, Caturra, Sarchimor","Nut, Peach, Fermented, Berry, Caramel, Rasp Berry, Sweet, Stone Fruit",El Salvador
Honduras - Proyecto Cabanas - Mezcla Natural,"Lempira, Catuai, Ihcafe, Pache","Tropical Fruit, Floral, Citrus, Berry, Honey, Orange, Rasp Berry, Sweet",Honduras
Brayan Joven,"Gesha, Pink Bourbon, Chiroso","Tropical Fruit, Papaya",Colombia
Las Perlitas,Pink Bourbon And Caturra,"Sweet Cream, Straw Berry, Berry, Milk Chocolate, Cherry",Colombia
Musa Abalulesa,"Ecx 74110, 74165","Nut, Lime, Peach, Sweet Cream, Lemon, Berry, Butter, Citrus, Stone Fruit",Ethiopia
Sumatra Sidkalang Poda Wet-Hulled,"Caturra, Typica, Timor Hybrid","Dried Fruit, Clove, Spice, Caramel, Raisin",Indonesia
Guatemala Atitlán Finca Patzibir,"Cattura, Catuai, Bourbon, Typica","Nut, Green Apple, Nougat, Sweet Cream, Brown Sugar, Caramel, Spice",Guatemala
17ft Ceiling,"Ethiopian Heirloom, Robusta","Nut, Dried Fruit, Almond, Berry, Cherry, Caramel",Ethiopia
Sumatra Aceh Terang Ulen COE #9,"Ateng, Typica, Tim Tim","Tropical Fruit, Clove, Cinnamon, Spice, Apple",Indonesia
Costa Rica Tarrazú La Lia COE #5,San Roque Kenia,"Tropical Fruit, Dried Fruit, Tamarind, Date, Berry, Cherry, Citrus",Costa Rica
"PEQUEÑOS. COLOMBIA. HONEY PROCESS | FREEZE DRIED BERRIES, HIBISCUS, & WHITE CHOCOLATE.",Caturra & Colombian,"Floral, White Chocolate, Dried Fruit, Chocolate, Berry",Colombia
"FEELING GRAPE VOL 2. HONDURAS. NATURAL | TABLE GRAPES, CHERRY, PEAR, CHERIMOYA, & ""MINERALS.""","Pacas, Yellow Catui, & Pacamara","Tropical Fruit, Pear, Grape, Berry, Cherry",Honduras
"ROSENDO DOMINGO. GUATEMALA. HUEHUETENANGO | TAMARIND, CRANBERRY, & NOUGAT.",Caturra & Pache Verde,"Nut, Tropical Fruit, Cran Berry, Nougat, Sweet Cream, Tamarind, Berry, Citrus",Guatemala
"FLAVOR DRINKER. COLOMBIA. DECAF | APPLE PIE, CHOCOLATE.","Caturra, Castillo, Tabi And Colombia","Pie, Sweet Cream, Chocolate, Apple",Colombia
Cocatu,"Bm139, Bm71, Bourbon Jackson","Tropical Fruit, Sweet",Rwanda
The Filter Blend,"Catuai, Typica, Timor Hybrid","Acid, Caramel, Sugar, Sweet",Honduras
Vista Hermosa Espresso,"Red And Yellow Bourbon, Caturra, Pache","Nut, Nougat, Sweet Cream, Milk Chocolate, Acid, Orange",Guatemala
Kiangoi Peaberry,"Sl28, Sl34 & Batian","Citrus, Rhubarb, Vegetal, Berry, Acid, Rasp Berry, Tea, Sweet",Kenya
Sweetshop,"Jarc 74110, Jarc 74112, Ethiopian Heirlooms","Candy, Sweet",El Salvador
All Night Decaf,"Caturra, Tabi, Variedad Colombia, Yellow Bourbon",,Colombia
All Day,"Castillo, Caturra, Typica, Bourbon","Toffee, Red Apple, Honey, Caramel, Sweet",Colombia
All Day,"Caturra, Typica, Bourbon, Castillo, Variedad Colombia","Toffee, Red Apple, Honey, Caramel, Sweet",Colombia
Danche - 5 Day Anaerobic Washed,"1974-1975 Jarc Selections, And Ethiopian Landraces","Tropical Fruit, Peach, Floral, Lychee, Flower, Lemon, Citrus, Stone Fruit",Ethiopia
Lica Torres - Black Cherry,Milenio & Catuai,"Tropical Fruit, Dark Chocolate, Chocolate, Berry, Cherry, Orange, Citrus, Sweet",Costa Rica
The Future - Chocolate Covered Strawberries,Castillo | Catuai,"Wine, Fermented, Straw Berry, Chocolate, Berry, Jam, Sweet",Colombia | Panama
The Future - Champagne New Year,"Castillo | Caturra | 1974-1975 Jarc Selections, And Ethiopian Landraces","Tropical Fruit, Floral, Fermented, Cream, Apple, Mango, Stone Fruit",Colombia
Ghalib Al Hammashi,"Ja'Adi, Old Typica","Tropical Fruit, Floral, Dried Fruit, Date, Red Grape, Spice, Honey, Orange, Citrus, Sweet",Yemen
Muthathai - Washed,Sl28 & Other,"Floral, Cookie, Lemon, Apricot, Caramel, Citrus, Sweet, Stone Fruit",Kenya
Edwin Ferrenbach - Intrinsic Washed,"Catuai, Caturra, Gesha, Pacamara","Pear, Berry, Brown Sugar, Cherry, Caramel, Sweet",Panama
The Future - Champagne New Year,"Various Ethiopian Landraces, Pink Bourbon, Gesha, And Castillo","Tropical Fruit, Peach, Bergamot, Citrus, Mango, Stone Fruit",Colombia
Yabitu Koba - Washed,"74112, 74158, And Other Indigenous Selections","Floral, Vegetal, Lemon, Apricot, Herb, Honey, Citrus, Sweet, Stone Fruit",Ethiopia
The Future - Tiki,Gesha & Various Others,"Tropical Fruit, Lychee, Passion Fruit, Spice, Apple",Costa Rica & Colombia
Tulise - Anaerobic Honey,1974 Jarc Selections And Other Ethiopian Landraces,"Tropical Fruit, Peach, Floral, Sweet, Berry, Honey, Orange, Citrus, Tea, Stone Fruit",Ethiopia
#EndALS Giving Back to Our Community,"Local Landraces, Sl Varieties, Catiopia","Sweet Cream, Blue Berry, Berry, Milk Chocolate, Candy, Rasp Berry",Colombia
Advent Week #2 PEACE- Elkin Guzman Yellow Fruits Nectar Catiope Bourbon,Catiope & Bourbon,"Tropical Fruit, Wine, Floral, Fermented, Sweet, Grape, Vanilla, Spice, Caramel, Mango, Stone Fruit",Colombia
Competition Series - Finca Inmaculada Coffea Eugenioides,Coffea Eugenioides,"Tropical Fruit, Sweet Cream, Berry, Papaya",Colombia
Ethiopia Elala Washed,74158 And 74112,"Sweet, Bergamot, Spice, Honey, Citrus, Graham, Stone Fruit",Ethiopia
